,Media Source,Tweet,Date & Time (UTC),Compound Score,Positive Score,Negative Score,Neutral Score,Tweets Ago
0,@BBCWorld,Kylie Jenner to be youngest self-made billionaire - Forbes https://t.co/Gt1rLGmC5v,Wed Jul 11 21:26:52 +0000 2018,0,0,0,1,1
1,@BBCWorld,Guillotine sold to millionaire collector https://t.co/K1Xs28MYJ5,Wed Jul 11 21:09:38 +0000 2018,0,0,0,1,2
2,@BBCWorld,"RT @BBCSport: GOAL

Mario Mandzukic drills Croatia in front.

#CRO 2-1 #ENG 

LIVE:
üì± https://t.co/C5GtYW7jpj 
üìª @5liveSport 

#ENGCRO #Wor‚Ä¶",Wed Jul 11 20:22:15 +0000 2018,0,0,0,1,3
3,@BBCWorld,"RT @BBCSport: ET HT: #CRO 1-1 #ENG 

Both sides have come close to getting a second...

15 minutes away from penalties...

LIVE:
üì± https://‚Ä¶",Wed Jul 11 20:15:44 +0000 2018,0,0,0,1,4
4,@BBCWorld,"RT @BBCSport: Extra-time it is... and we're underway...

How are your nerves?

#CRO 1-1 #ENG 

LIVE:
üì± https://t.co/C5GtYW7jpj 
üìª @5liveSpo‚Ä¶",Wed Jul 11 19:57:00 +0000 2018,-0.1027,0,0.065,0.935,5
5,@BBCWorld,"RT @bbctennis: After four hours and 47 minutes on court, Rafael Nadal is in the Wimbledon semi-finals.

He‚Äôs defeated Argentina‚Äôs Juan Mart‚Ä¶",Wed Jul 11 19:52:10 +0000 2018,-0.4767,0,0.129,0.871,6
6,@BBCWorld,"RT @BBCSport: FT: #CRO 1-1 #ENG 

Ivan Perisic's finish means this is far from over.

So, who's ready for another 30 minutes?

LIVE:
üì± http‚Ä¶",Wed Jul 11 19:50:49 +0000 2018,0.4173,0.1,0,0.9,7
7,@BBCWorld,"RT @BBCSport: GOAL 

#CRO 1-1 #ENG 

Ivan Perisic meets a cross to flick Croatia level.

LIVE:
üì± https://t.co/C5GtYW7jpj 
üìª @5liveSport htt‚Ä¶",Wed Jul 11 19:26:09 +0000 2018,0,0,0,1,8
8,@BBCWorld,"RT @BBCSport: England are 45 minutes away from a #WorldCup final.

This is it. #ENGCRO is back underway...

LIVE:
üì± https://t.co/NE6Uhqrvz6‚Ä¶",Wed Jul 11 19:04:08 +0000 2018,0,0,0,1,9
9,@BBCWorld,"RT @BBCSport: HT: #CRO 0-1 #ENG 

So far, so good for England!

Kieran Trippier's beauty of a free-kick separates the sides.

LIVE:
üì± https‚Ä¶",Wed Jul 11 18:46:46 +0000 2018,0.8467,0.271,0,0.729,10
10,@BBCWorld,All 11 people on board plane rescued after crash in Alaska https://t.co/oSZtRhC084,Wed Jul 11 18:28:12 +0000 2018,0.0258,0.181,0.174,0.645,11
11,@BBCWorld,"RT @BBCSport: GOAL!

What a start! What a goal!

Kieran Trippier whips a free-kick right in! 

#CRO 0-1 #ENG 

LIVE: 
üì± https://t.co/C5GtYW‚Ä¶",Wed Jul 11 18:06:26 +0000 2018,0,0,0,1,12
12,@BBCWorld,"RT @BBCSport: IT'S TIME!

England's first #WorldCup semi-final since 1990 is underway! ‚öΩ

LIVE: 
üì± https://t.co/NE6Uhqrvz6 
üìª @5liveSport‚Ä¶",Wed Jul 11 18:00:29 +0000 2018,0,0,0,1,13
13,@BBCWorld,Uganda social media tax to be reviewed https://t.co/Plvfn9IiD8,Wed Jul 11 17:42:26 +0000 2018,0,0,0,1,14
14,@BBCWorld,Joking German minister Seehofer urged to quit as Afghan deportee dies https://t.co/MKLvzdapL7,Wed Jul 11 17:22:28 +0000 2018,0.2263,0.147,0,0.853,15
15,@BBCWorld,NYC Mayor de Blasio denies illegally crossing US-Mexico border https://t.co/PR3021b84C,Wed Jul 11 17:20:02 +0000 2018,-0.4215,0,0.237,0.763,16
16,@BBCWorld,"Santiago unveils street art for blind people that everyone can 'see' üé®

https://t.co/CSl5Pqw4DD https://t.co/ktqdKCe0d3",Wed Jul 11 16:43:33 +0000 2018,-0.4019,0,0.162,0.838,17
17,@BBCWorld,Drug company lawsuit could stall Nevada execution https://t.co/t1abkIhbCB,Wed Jul 11 16:33:51 +0000 2018,-0.4019,0,0.381,0.619,18
18,@BBCWorld,"RT @BBCSport: The defending champion is OUT.

Roger Federer is beaten in the quarter-finals at Wimbledon by eighth seed Kevin Anderson.

Re‚Ä¶",Wed Jul 11 16:27:36 +0000 2018,0.2732,0.146,0.105,0.749,19
19,@BBCWorld,Adnan Oktar: Turkish TV cleric arrested on fraud and abuse charges https://t.co/VLHUrvw35a,Wed Jul 11 16:21:39 +0000 2018,-0.9217,0,0.623,0.377,20
20,@BBCWorld,Kylie Jenner to be youngest self-made billionaire - Forbes https://t.co/Gt1rLGmC5v,Wed Jul 11 21:26:52 +0000 2018,0,0,0,1,21
21,@BBCWorld,Guillotine sold to millionaire collector https://t.co/K1Xs28MYJ5,Wed Jul 11 21:09:38 +0000 2018,0,0,0,1,22
22,@BBCWorld,"RT @BBCSport: GOAL

Mario Mandzukic drills Croatia in front.

#CRO 2-1 #ENG 

LIVE:
üì± https://t.co/C5GtYW7jpj 
üìª @5liveSport 

#ENGCRO #Wor‚Ä¶",Wed Jul 11 20:22:15 +0000 2018,0,0,0,1,23
23,@BBCWorld,"RT @BBCSport: ET HT: #CRO 1-1 #ENG 

Both sides have come close to getting a second...

15 minutes away from penalties...

LIVE:
üì± https://‚Ä¶",Wed Jul 11 20:15:44 +0000 2018,0,0,0,1,24
24,@BBCWorld,"RT @BBCSport: Extra-time it is... and we're underway...

How are your nerves?

#CRO 1-1 #ENG 

LIVE:
üì± https://t.co/C5GtYW7jpj 
üìª @5liveSpo‚Ä¶",Wed Jul 11 19:57:00 +0000 2018,-0.1027,0,0.065,0.935,25
25,@BBCWorld,"RT @bbctennis: After four hours and 47 minutes on court, Rafael Nadal is in the Wimbledon semi-finals.

He‚Äôs defeated Argentina‚Äôs Juan Mart‚Ä¶",Wed Jul 11 19:52:10 +0000 2018,-0.4767,0,0.129,0.871,26
26,@BBCWorld,"RT @BBCSport: FT: #CRO 1-1 #ENG 

Ivan Perisic's finish means this is far from over.

So, who's ready for another 30 minutes?

LIVE:
üì± http‚Ä¶",Wed Jul 11 19:50:49 +0000 2018,0.4173,0.1,0,0.9,27
27,@BBCWorld,"RT @BBCSport: GOAL 

#CRO 1-1 #ENG 

Ivan Perisic meets a cross to flick Croatia level.

LIVE:
üì± https://t.co/C5GtYW7jpj 
üìª @5liveSport htt‚Ä¶",Wed Jul 11 19:26:09 +0000 2018,0,0,0,1,28
28,@BBCWorld,"RT @BBCSport: England are 45 minutes away from a #WorldCup final.

This is it. #ENGCRO is back underway...

LIVE:
üì± https://t.co/NE6Uhqrvz6‚Ä¶",Wed Jul 11 19:04:08 +0000 2018,0,0,0,1,29
29,@BBCWorld,"RT @BBCSport: HT: #CRO 0-1 #ENG 

So far, so good for England!

Kieran Trippier's beauty of a free-kick separates the sides.

LIVE:
üì± https‚Ä¶",Wed Jul 11 18:46:46 +0000 2018,0.8467,0.271,0,0.729,30
30,@BBCWorld,All 11 people on board plane rescued after crash in Alaska https://t.co/oSZtRhC084,Wed Jul 11 18:28:12 +0000 2018,0.0258,0.181,0.174,0.645,31
31,@BBCWorld,"RT @BBCSport: GOAL!

What a start! What a goal!

Kieran Trippier whips a free-kick right in! 

#CRO 0-1 #ENG 

LIVE: 
üì± https://t.co/C5GtYW‚Ä¶",Wed Jul 11 18:06:26 +0000 2018,0,0,0,1,32
32,@BBCWorld,"RT @BBCSport: IT'S TIME!

England's first #WorldCup semi-final since 1990 is underway! ‚öΩ

LIVE: 
üì± https://t.co/NE6Uhqrvz6 
üìª @5liveSport‚Ä¶",Wed Jul 11 18:00:29 +0000 2018,0,0,0,1,33
33,@BBCWorld,Uganda social media tax to be reviewed https://t.co/Plvfn9IiD8,Wed Jul 11 17:42:26 +0000 2018,0,0,0,1,34
34,@BBCWorld,Joking German minister Seehofer urged to quit as Afghan deportee dies https://t.co/MKLvzdapL7,Wed Jul 11 17:22:28 +0000 2018,0.2263,0.147,0,0.853,35
35,@BBCWorld,NYC Mayor de Blasio denies illegally crossing US-Mexico border https://t.co/PR3021b84C,Wed Jul 11 17:20:02 +0000 2018,-0.4215,0,0.237,0.763,36
36,@BBCWorld,"Santiago unveils street art for blind people that everyone can 'see' üé®

https://t.co/CSl5Pqw4DD https://t.co/ktqdKCe0d3",Wed Jul 11 16:43:33 +0000 2018,-0.4019,0,0.162,0.838,37
37,@BBCWorld,Drug company lawsuit could stall Nevada execution https://t.co/t1abkIhbCB,Wed Jul 11 16:33:51 +0000 2018,-0.4019,0,0.381,0.619,38
38,@BBCWorld,"RT @BBCSport: The defending champion is OUT.

Roger Federer is beaten in the quarter-finals at Wimbledon by eighth seed Kevin Anderson.

Re‚Ä¶",Wed Jul 11 16:27:36 +0000 2018,0.2732,0.146,0.105,0.749,39
39,@BBCWorld,Adnan Oktar: Turkish TV cleric arrested on fraud and abuse charges https://t.co/VLHUrvw35a,Wed Jul 11 16:21:39 +0000 2018,-0.9217,0,0.623,0.377,40
40,@BBCWorld,World Cup 2018: Brussels metro commuters endure French team's anthem https://t.co/QXuWkhKgGz,Wed Jul 11 16:16:48 +0000 2018,0,0,0,1,41
41,@BBCWorld,"#ThaiCaveRescue: First video of rescued boys recovering in hospital is released üêóüáπüá≠ 

https://t.co/dUqiO7w8Ao https://t.co/g40eMouqdb",Wed Jul 11 16:07:45 +0000 2018,0.4215,0.177,0,0.823,42
42,@BBCWorld,Woman arrested for allegedly beating 92-yr-old with brick https://t.co/AFSxgI6fcY,Wed Jul 11 15:47:18 +0000 2018,-0.7269,0,0.466,0.534,43
43,@BBCWorld,"Nato secretary general tells summit: ""We all agree that we do not have fair burden-sharing in our alliance today""‚Ä¶ https://t.co/j3wSZmTNYU",Wed Jul 11 15:44:41 +0000 2018,0.1376,0.111,0.087,0.801,44
44,@BBCWorld,"RT @BBC_HaveYourSay: A business man offers a young homeless man a permanent job, prompting other offers of help üëèüëèüëè
https://t.co/RMgjmSGt9g",Wed Jul 11 15:41:03 +0000 2018,0.4019,0.144,0,0.856,45
45,@BBCWorld,Judge: FBI agent charged after backflip shooting can carry gun https://t.co/YQPlAVc31r,Wed Jul 11 15:31:45 +0000 2018,-0.4939,0,0.318,0.682,46
46,@BBCWorld,"Just hours after they engaged in a new war of words, US President Donald Trump and German Chancellor Angela Merkel‚Ä¶ https://t.co/bda5r2YvLQ",Wed Jul 11 14:38:33 +0000 2018,-0.296,0.11,0.159,0.732,47
47,@BBCWorld,Syria war: Government attacks IS enclave in south-west https://t.co/3QYvUMlbYT,Wed Jul 11 14:32:54 +0000 2018,-0.7783,0,0.493,0.507,48
48,@BBCWorld,"RT @BBC_HaveYourSay: #WorldCup reunites Russian &amp; Chinese pen pals after 56 years

Thanks to a reporter  üëè‚úâÔ∏è &amp; social media

https://t.co/B‚Ä¶",Wed Jul 11 14:14:57 +0000 2018,0.4404,0.132,0,0.868,49
49,@BBCWorld,#ThaiCaveRescue: First pictures of boys as they recover in hospital shows them in good spirits following dramatic r‚Ä¶ https://t.co/lkpvlOaP1h,Wed Jul 11 14:10:48 +0000 2018,0.4404,0.139,0,0.861,50
50,@BBCWorld,Mexican wolves: Eight-cub litter delights Mexico City zoo https://t.co/fDpNmPQM13,Wed Jul 11 14:03:14 +0000 2018,0.4588,0.273,0,0.727,51
51,@BBCWorld,"RT @BBCNews: Why will these Russians be cheering on England in their World Cup semi-final against Croatia? 

(and how do you say ""it's comi‚Ä¶",Wed Jul 11 13:44:20 +0000 2018,0.5106,0.125,0,0.875,52
52,@BBCWorld,Thai cave rescue: First pictures emerge of boys in hospital https://t.co/Lvz0Tg8Ge3,Wed Jul 11 13:06:46 +0000 2018,0.5106,0.248,0,0.752,53
53,@BBCWorld,Nigerian law student allowed to wear hijab at graduation ceremony https://t.co/nzSMWq2me3,Wed Jul 11 13:04:00 +0000 2018,0,0,0,1,54
54,@BBCWorld,RT @BBCScienceNews: Could tunnels in space known as wormholes allow us to travel in time? https://t.co/8rasIe3ORE,Wed Jul 11 12:57:20 +0000 2018,0.2263,0.112,0,0.888,55
55,@BBCWorld,#ThaiCaveRescue: New footage emerges showing how boys were taken out of the flooded cave by team of divers‚Ä¶ https://t.co/kP5ChzaYBV,Wed Jul 11 12:56:47 +0000 2018,0,0,0,1,56
56,@BBCWorld,Young cow rescued from slurry pit after becoming stuck https://t.co/UofAboT1v6,Wed Jul 11 12:42:58 +0000 2018,0.2023,0.219,0.156,0.625,57
57,@BBCWorld,Kazakhstan squirrel art installation sparks backlash over costs https://t.co/virzVlJQQ2,Wed Jul 11 12:29:30 +0000 2018,0,0,0,1,58
58,@BBCWorld,"RT @BBCRealityCheck: Donald Trump criticises Germany at Nato summit over its gas supplies from Russia. So how big are they?  
https://t.co/‚Ä¶",Wed Jul 11 12:22:23 +0000 2018,-0.3182,0,0.103,0.897,59
59,@BBCWorld,India government is 'failing' to protect Taj Mahal https://t.co/yUdS69CFhW,Wed Jul 11 12:04:38 +0000 2018,0.3818,0.245,0,0.755,60
60,@BBCWorld,El Salvador president to testify over kidnapped envoy https://t.co/WlQxFOcepA,Wed Jul 11 11:46:52 +0000 2018,0,0,0,1,61
61,@BBCWorld,"Bravery, tragedy, hope and jubilation.

The full story of the daring #ThaiCaveRescue https://t.co/y5Je5mrHtt https://t.co/vB7eNPudJW",Wed Jul 11 11:08:11 +0000 2018,0.4939,0.374,0.191,0.435,62
62,@BBCWorld,Greece 'orders expulsion of two Russian diplomats' https://t.co/uG7e85lHIA,Wed Jul 11 10:24:54 +0000 2018,0,0,0,1,63
63,@BBCWorld,Duke and Duchess of Sussex meet President Higgins https://t.co/aLWHtyrf74,Wed Jul 11 10:22:29 +0000 2018,0,0,0,1,64
64,@BBCWorld,The model who was bitten by a shark while posing on holiday https://t.co/mYL09Q3pUS,Wed Jul 11 10:12:48 +0000 2018,0.4019,0.197,0,0.803,65
65,@BBCWorld,Cave rescue: How did the Thai boys survive underground? https://t.co/fbiyV5J5LY,Wed Jul 11 09:50:02 +0000 2018,0.5106,0.268,0,0.732,66
66,@BBCWorld,"From tears of joy to tear gas.

After France reached the #WorldCup final, celebrations got out of hand‚Ä¶ https://t.co/iZENSzvNT4",Wed Jul 11 09:01:47 +0000 2018,0.5106,0.225,0.082,0.693,67
67,@BBCWorld,India Delhi school 'locks girls in basement' over fees delay https://t.co/HmBk6F1gSD,Wed Jul 11 07:44:54 +0000 2018,-0.3182,0,0.187,0.813,68
68,@BBCWorld,At least 179 dead as Japan reels from its worst flood in decades https://t.co/6sobpxDzBq,Wed Jul 11 07:15:18 +0000 2018,-0.8555,0,0.412,0.588,69
69,@BBCWorld,"RT @BBCMaryam: As retailers enjoy a #WorldCup bonanza, what are you spending more on as you celebrate your team‚Äôs progress in the World Cup‚Ä¶",Wed Jul 11 06:29:59 +0000 2018,0.8658,0.327,0,0.673,70
70,@BBCWorld,"RT @BBCBreaking: ""There was only a tiny bit of hope, but that's all we had to work with.""

Thai Navy Seal chief talks about successful cave‚Ä¶",Wed Jul 11 05:04:03 +0000 2018,0.7992,0.237,0,0.763,71
71,@BBCWorld,Cave rescue: 'Hope became reality' says Navy Seal chief https://t.co/vePnFAmowc,Wed Jul 11 05:00:17 +0000 2018,0.7351,0.437,0,0.563,72
72,@BBCWorld,Qin Yongmin: Prominent Chinese dissident jailed for 13 years https://t.co/KZsiWymQnu,Wed Jul 11 03:49:10 +0000 2018,-0.2263,0.17,0.237,0.593,73
73,@BBCWorld,Not all heroes wear capes. This one donned a wetsuit and abandoned his holiday to look after the health of 13 frigh‚Ä¶ https://t.co/L09EYnIygM,Wed Jul 11 03:22:43 +0000 2018,-0.4592,0.099,0.208,0.693,74
74,@BBCWorld,"Shots fired. 

The heat is on. 

The US has ramped up its trade war with China, listing $200bn (¬£150bn) worth of ad‚Ä¶ https://t.co/eE6d9fjVgA",Wed Jul 11 02:24:18 +0000 2018,-0.765,0.065,0.255,0.68,75
75,@BBCWorld,World Cup 2018: Why millions of fans see the football like this https://t.co/KCfyw5MRaj,Wed Jul 11 02:19:47 +0000 2018,0.3612,0.172,0,0.828,76
76,@BBCWorld,Latino picnicker harassed in Illinois park as cop stands by https://t.co/EvDjpb4vxH,Wed Jul 11 00:38:59 +0000 2018,-0.5423,0,0.259,0.741,77
77,@BBCWorld,Why the end of US sanctions hasn't helped Sudan https://t.co/UxBE32ETJG,Tue Jul 10 23:58:00 +0000 2018,0,0,0,1,78
78,@BBCWorld,Child sex crime: Does India have a growing problem? https://t.co/W03c83djm1,Tue Jul 10 23:55:25 +0000 2018,-0.6705,0.122,0.446,0.432,79
79,@BBCWorld,Can Nato survive US President Donald Trump? https://t.co/5kwdim0SwL,Tue Jul 10 23:50:02 +0000 2018,0,0,0,1,80
80,@BBCWorld,German neo-Nazi murder trial reaches climax https://t.co/qR4qFMrpWV,Tue Jul 10 23:44:26 +0000 2018,-0.6705,0.11,0.431,0.459,81
81,@BBCWorld,Cave rescue: Elation as Thai boys and coach freed by divers https://t.co/pLhURGIV9D,Tue Jul 10 22:19:15 +0000 2018,0.8176,0.486,0,0.514,82
82,@BBCWorld,Brett Kavanaugh: Trump Supreme Court pick under microscope https://t.co/0TokhZ8s9a,Tue Jul 10 21:52:32 +0000 2018,0.5574,0.31,0,0.69,83
83,@BBCWorld,"RT @BBCSport: Cristiano Ronaldo's stats at Real Madrid though üî•üî•üî•

We've analysed if at 33 years old, he's worth the ¬£99m Juventus have pai‚Ä¶",Tue Jul 10 21:47:40 +0000 2018,0.2263,0.076,0,0.924,84
84,@BBCWorld,"RT @BBCMOTD: The scenes in Paris right now...
#FRABEL #worldcup https://t.co/hwnzzG44js",Tue Jul 10 21:28:53 +0000 2018,0,0,0,1,85
85,@BBCWorld,American celebrating wedding anniversary killed in Mexico City https://t.co/kTQqvMPMzo,Tue Jul 10 21:14:56 +0000 2018,-0.2023,0.243,0.296,0.461,86
86,@BBCWorld,US cannot reunite dozens of child migrants with their parents https://t.co/cNTxzEv0zr,Tue Jul 10 21:12:05 +0000 2018,0,0,0,1,87
87,@BBCWorld,Prince Harry and Meghan arrive in the Republic of Ireland https://t.co/gjRjoWzI9V,Tue Jul 10 20:07:37 +0000 2018,0,0,0,1,88
88,@BBCWorld,"RT @BBCSport: France have booked their place in the #WorldCup final, where they'll meet either Croatia or England.

#FRABEL report: https:/‚Ä¶",Tue Jul 10 20:00:02 +0000 2018,0,0,0,1,89
89,@BBCWorld,"RT @BBCSport: FT: #FRA 1-0 #BEL 

France are into their third #WorldCup final! 

Samuel Umtiti's 51st minute header gives Les Bleus victory‚Ä¶",Tue Jul 10 19:54:14 +0000 2018,0,0,0,1,90
90,@BBCWorld,Cave rescue: The divers who got the Thai boys out https://t.co/iVJlhirMXe,Tue Jul 10 19:53:56 +0000 2018,0.5106,0.248,0,0.752,91
91,@BBCWorld,US mum and daughter 'questioned over different surnames' https://t.co/qbOFzai5sA,Tue Jul 10 19:27:46 +0000 2018,-0.1027,0,0.149,0.851,92
92,@BBCWorld,"RT @BBCNews: By measuring stress and anxiety levels, this wristband could help people manage severe autism

https://t.co/qkrzW7TnSw https:/‚Ä¶",Tue Jul 10 19:25:42 +0000 2018,-0.5267,0.113,0.298,0.588,93
93,@BBCWorld,"RT @BBCSport: GOAL: #FRA 1-0 #BEL 

Samuel Umtiti with the header! The defender gets up above Fellaini from a corner.

üì∫ @BBCOne 
#FRABEL #‚Ä¶",Tue Jul 10 19:09:39 +0000 2018,0.1759,0.071,0,0.929,94
94,@BBCWorld,"No hopscotch, no hockey: Canada neighbourhood bans outside fun https://t.co/ZFvTItfrKs",Tue Jul 10 18:52:19 +0000 2018,-0.0258,0.224,0.299,0.476,95
95,@BBCWorld,"RT @BBCNewsbeat: Why WAS Elon Musk at the #ThaiCaveRescue? üêóüáπüá≠  

https://t.co/9HQn1XSkL0",Tue Jul 10 18:51:51 +0000 2018,0,0,0,1,96
96,@BBCWorld,"RT @BBCSport: HT: #FRA 0-0 #BEL 

Both sides have had chances, but there's no joy in the first half.

üì∫ @BBCOne 
#FRABEL #WorldCup 
https:/‚Ä¶",Tue Jul 10 18:47:06 +0000 2018,0.5859,0.217,0.092,0.691,97
97,@BBCWorld,California lawyer investigated for obscene slur on Democrat https://t.co/Euw0rd7M5j,Tue Jul 10 17:38:48 +0000 2018,-0.5859,0,0.322,0.678,98
98,@BBCWorld,Jailed ex-bank boss David Drumm given suspended sentence https://t.co/Vi0UxRkb9s,Tue Jul 10 16:53:04 +0000 2018,-0.7184,0.096,0.463,0.441,99
99,@BBCWorld,"RT @BBCNews: Theresa May: Donald Trump and I will ""be talking positively about how we can continue to work together"", after US President sa‚Ä¶",Tue Jul 10 16:52:40 +0000 2018,0.5267,0.134,0,0.866,100
100,@CBSNews,"""Go back to your country"": Woman arrested in beating of 92-year-old man with a brick on a California sidewalk‚Ä¶ https://t.co/YDqaR2TSWK",Wed Jul 11 21:50:50 +0000 2018,-0.7269,0,0.276,0.724,1
101,@CBSNews,"Six months after the Tax Cut and Jobs Act became law, there's still little evidence that the average job holder is‚Ä¶ https://t.co/k1m8mNiZil",Wed Jul 11 21:29:51 +0000 2018,-0.2732,0,0.091,0.909,2
102,@CBSNews,NEW: Justice Department reveals one child separated from parents by the federal government may actually be an Ameri‚Ä¶ https://t.co/kUwGZ88R80,Wed Jul 11 21:11:55 +0000 2018,0.5267,0.159,0,0.841,3
103,@CBSNews,"JUST IN: Croatia beat England 2-1 in a dramatic finish to the advance to their first-ever World Cup, where they'll‚Ä¶ https://t.co/l4F4zOjZF6",Wed Jul 11 20:55:05 +0000 2018,0,0,0,1,4
104,@CBSNews,"WATCH: World leaders at NATO summit greeted by unusual performance -- a woman flying and flipping through the air,‚Ä¶ https://t.co/ck53rgURAJ",Wed Jul 11 20:43:49 +0000 2018,0.2732,0.104,0,0.896,5
105,@CBSNews,"Cardi B is making mommy moves now after she and her husband, Offset, welcomed baby daughter, Kulture Kiari Cephus‚Ä¶ https://t.co/MHhOW9mwe7",Wed Jul 11 20:14:48 +0000 2018,0.34,0.118,0,0.882,6
106,@CBSNews,An adorable 3-year-old couldn't resist touching Meghan Markle's hair during the royal couple's trip to Ireland -- a‚Ä¶ https://t.co/az2EHd8KJb,Wed Jul 11 19:59:59 +0000 2018,0.4939,0.151,0,0.849,7
107,@CBSNews,"Paul Manafort's ""solitary confinement"" includes a private bathroom, a personal phone and a living space bigger than‚Ä¶ https://t.co/DdBWtYref5",Wed Jul 11 19:59:36 +0000 2018,0,0,0,1,8
108,@CBSNews,"Kylie Jenner is 20 and with $900M, she's set to become the youngest self-made billionaire in history. Even the othe‚Ä¶ https://t.co/Yft3bwgIeU",Wed Jul 11 19:44:39 +0000 2018,0,0,0,1,9
109,@CBSNews,The founder of Papa John's allegedly used the N-word during a conference call and graphically described violence ag‚Ä¶ https://t.co/zy8U3sb7DD,Wed Jul 11 19:29:48 +0000 2018,-0.6249,0,0.194,0.806,10
110,@CBSNews,"MILE HIGH MARIACHI: Award-wining band surprises unsuspecting passengers on a Southwest flight by ""elevating"" their‚Ä¶ https://t.co/nzTVckz5TH",Wed Jul 11 19:14:38 +0000 2018,0.2263,0.119,0,0.881,11
111,@CBSNews,A firefighter died and at least a dozen people were injured after a natural gas explosion leveled buildings in Sun‚Ä¶ https://t.co/EMF6xns4GX,Wed Jul 11 19:00:08 +0000 2018,-0.5859,0.105,0.265,0.63,12
112,@CBSNews,"WATCH: A group of men only needed a few seconds to make off with more than $27,000 worth of computers and phones fr‚Ä¶ https://t.co/YGYyCMLZhi",Wed Jul 11 18:45:25 +0000 2018,0.2878,0.093,0,0.907,13
113,@CBSNews,A man could lose his limbs and even his life after contracting a flesh-eating bacteria in New Jersey waters‚Ä¶ https://t.co/aPO3glVXsZ,Wed Jul 11 18:29:35 +0000 2018,-0.4019,0,0.137,0.863,14
114,@CBSNews,"WATCH: Police officer caught on news station's security camera -- but she wasn't fighting crime, she was dancing al‚Ä¶ https://t.co/kzX3YdvvHM",Wed Jul 11 18:15:25 +0000 2018,0.7987,0.324,0,0.676,15
115,@CBSNews,"Sarah Palin said she was ""duped"" by Sacha Baron Cohen for his upcoming Showtime series ""Who Is America?"" She wrote‚Ä¶ https://t.co/EsSf7f6U3c",Wed Jul 11 17:59:43 +0000 2018,0,0,0,1,16
116,@CBSNews,A mayor in Pennsylvania suggested that people protesting police should be hit with water cannons. Now the city is s‚Ä¶ https://t.co/o52psmlwXJ,Wed Jul 11 17:44:45 +0000 2018,-0.4215,0,0.128,0.872,17
117,@CBSNews,"When it comes to household tasks, ""DIY"" may seem like the cheaper alternative to hiring a pro. But the reality can‚Ä¶ https://t.co/K7KoGAUTVp",Wed Jul 11 17:41:41 +0000 2018,0.1901,0.08,0,0.92,18
118,@CBSNews,"President Trump, NATO allies take photo at summit in Brussels https://t.co/4QYMUvUbQv https://t.co/vLcouxPIFh",Wed Jul 11 17:40:44 +0000 2018,0,0,0,1,19
119,@CBSNews,"Student debt is finally leveling off‚Äîbut not for the reason you'd expect 
https://t.co/YDRuhkklWY https://t.co/DeVRsrKtFK",Wed Jul 11 17:31:26 +0000 2018,-0.3612,0,0.161,0.839,20
120,@CBSNews,"""Go back to your country"": Woman arrested in beating of 92-year-old man with a brick on a California sidewalk‚Ä¶ https://t.co/YDqaR2TSWK",Wed Jul 11 21:50:50 +0000 2018,-0.7269,0,0.276,0.724,21
121,@CBSNews,"Six months after the Tax Cut and Jobs Act became law, there's still little evidence that the average job holder is‚Ä¶ https://t.co/k1m8mNiZil",Wed Jul 11 21:29:51 +0000 2018,-0.2732,0,0.091,0.909,22
122,@CBSNews,NEW: Justice Department reveals one child separated from parents by the federal government may actually be an Ameri‚Ä¶ https://t.co/kUwGZ88R80,Wed Jul 11 21:11:55 +0000 2018,0.5267,0.159,0,0.841,23
123,@CBSNews,"JUST IN: Croatia beat England 2-1 in a dramatic finish to the advance to their first-ever World Cup, where they'll‚Ä¶ https://t.co/l4F4zOjZF6",Wed Jul 11 20:55:05 +0000 2018,0,0,0,1,24
124,@CBSNews,"WATCH: World leaders at NATO summit greeted by unusual performance -- a woman flying and flipping through the air,‚Ä¶ https://t.co/ck53rgURAJ",Wed Jul 11 20:43:49 +0000 2018,0.2732,0.104,0,0.896,25
125,@CBSNews,"Cardi B is making mommy moves now after she and her husband, Offset, welcomed baby daughter, Kulture Kiari Cephus‚Ä¶ https://t.co/MHhOW9mwe7",Wed Jul 11 20:14:48 +0000 2018,0.34,0.118,0,0.882,26
126,@CBSNews,An adorable 3-year-old couldn't resist touching Meghan Markle's hair during the royal couple's trip to Ireland -- a‚Ä¶ https://t.co/az2EHd8KJb,Wed Jul 11 19:59:59 +0000 2018,0.4939,0.151,0,0.849,27
127,@CBSNews,"Paul Manafort's ""solitary confinement"" includes a private bathroom, a personal phone and a living space bigger than‚Ä¶ https://t.co/DdBWtYref5",Wed Jul 11 19:59:36 +0000 2018,0,0,0,1,28
128,@CBSNews,"Kylie Jenner is 20 and with $900M, she's set to become the youngest self-made billionaire in history. Even the othe‚Ä¶ https://t.co/Yft3bwgIeU",Wed Jul 11 19:44:39 +0000 2018,0,0,0,1,29
129,@CBSNews,The founder of Papa John's allegedly used the N-word during a conference call and graphically described violence ag‚Ä¶ https://t.co/zy8U3sb7DD,Wed Jul 11 19:29:48 +0000 2018,-0.6249,0,0.194,0.806,30
130,@CBSNews,"MILE HIGH MARIACHI: Award-wining band surprises unsuspecting passengers on a Southwest flight by ""elevating"" their‚Ä¶ https://t.co/nzTVckz5TH",Wed Jul 11 19:14:38 +0000 2018,0.2263,0.119,0,0.881,31
131,@CBSNews,A firefighter died and at least a dozen people were injured after a natural gas explosion leveled buildings in Sun‚Ä¶ https://t.co/EMF6xns4GX,Wed Jul 11 19:00:08 +0000 2018,-0.5859,0.105,0.265,0.63,32
132,@CBSNews,"WATCH: A group of men only needed a few seconds to make off with more than $27,000 worth of computers and phones fr‚Ä¶ https://t.co/YGYyCMLZhi",Wed Jul 11 18:45:25 +0000 2018,0.2878,0.093,0,0.907,33
133,@CBSNews,A man could lose his limbs and even his life after contracting a flesh-eating bacteria in New Jersey waters‚Ä¶ https://t.co/aPO3glVXsZ,Wed Jul 11 18:29:35 +0000 2018,-0.4019,0,0.137,0.863,34
134,@CBSNews,"WATCH: Police officer caught on news station's security camera -- but she wasn't fighting crime, she was dancing al‚Ä¶ https://t.co/kzX3YdvvHM",Wed Jul 11 18:15:25 +0000 2018,0.7987,0.324,0,0.676,35
135,@CBSNews,"Sarah Palin said she was ""duped"" by Sacha Baron Cohen for his upcoming Showtime series ""Who Is America?"" She wrote‚Ä¶ https://t.co/EsSf7f6U3c",Wed Jul 11 17:59:43 +0000 2018,0,0,0,1,36
136,@CBSNews,A mayor in Pennsylvania suggested that people protesting police should be hit with water cannons. Now the city is s‚Ä¶ https://t.co/o52psmlwXJ,Wed Jul 11 17:44:45 +0000 2018,-0.4215,0,0.128,0.872,37
137,@CBSNews,"When it comes to household tasks, ""DIY"" may seem like the cheaper alternative to hiring a pro. But the reality can‚Ä¶ https://t.co/K7KoGAUTVp",Wed Jul 11 17:41:41 +0000 2018,0.1901,0.08,0,0.92,38
138,@CBSNews,"President Trump, NATO allies take photo at summit in Brussels https://t.co/4QYMUvUbQv https://t.co/vLcouxPIFh",Wed Jul 11 17:40:44 +0000 2018,0,0,0,1,39
139,@CBSNews,"Student debt is finally leveling off‚Äîbut not for the reason you'd expect 
https://t.co/YDRuhkklWY https://t.co/DeVRsrKtFK",Wed Jul 11 17:31:26 +0000 2018,-0.3612,0,0.161,0.839,40
140,@CBSNews,Convicted killer Scott Raymond Dozier is set to be executed Wednesday night and has even said he wants to die. But‚Ä¶ https://t.co/zi4mmZGv23,Wed Jul 11 17:14:43 +0000 2018,-0.8481,0,0.291,0.709,41
141,@CBSNews,"Former UCLA basketball player Billy Knight was found dead after posting a YouTube video saying he lived ""a life of‚Ä¶ https://t.co/mQJwV478bz",Wed Jul 11 17:04:19 +0000 2018,-0.6486,0,0.185,0.815,42
142,@CBSNews,The U.S. issued travel warnings earlier this year for parts of Mexico. Police are now investigating the murder of a‚Ä¶ https://t.co/yFO8bPef4M,Wed Jul 11 16:44:49 +0000 2018,-0.7845,0,0.266,0.734,43
143,@CBSNews,A second suspect has been arrested for the fatal shooting of rapper XXXTentacion and charged with first-degree murd‚Ä¶ https://t.co/P4wMqq1WTI,Wed Jul 11 16:33:38 +0000 2018,-0.8625,0,0.431,0.569,44
144,@CBSNews,SCAM WARNING: Tyler Perry warns fans not to fall for Facebook scams using his name -- and he's not the only mogul t‚Ä¶ https://t.co/c5g0MVPFht,Wed Jul 11 16:14:35 +0000 2018,-0.9147,0,0.39,0.61,45
145,@CBSNews,Young siblings diagnosed with same brain cancer within weeks of each other https://t.co/kJVEM0loOA https://t.co/6FPYkT03uY,Wed Jul 11 15:59:33 +0000 2018,-0.6597,0,0.253,0.747,46
146,@CBSNews,"Macy's says cyberthieves hacked the accounts of thousands of customers, compromising full names, credit card number‚Ä¶ https://t.co/z80hRiBDEd",Wed Jul 11 15:44:36 +0000 2018,-0.0258,0.128,0.133,0.739,47
147,@CBSNews,Alexandria Ocasio-Cortez wins another primary; this one she didn't run in https://t.co/bhhFu5KcoV https://t.co/6mCc64oSE7,Wed Jul 11 15:29:46 +0000 2018,0.5719,0.236,0,0.764,48
148,@CBSNews,"""Even though the odds seemed impossible, what I've always been taught is to take risk and be bold when the situatio‚Ä¶ https://t.co/pR2vG9kyVL",Wed Jul 11 15:15:23 +0000 2018,0.128,0.105,0.085,0.81,49
149,@CBSNews,Shares slide amid escalating U.S.-China trade tensions https://t.co/4dgw4qAt1S https://t.co/C4bYzgKcUP,Wed Jul 11 14:59:51 +0000 2018,-0.128,0.185,0.227,0.588,50
150,@CBSNews,"WATCH: President Trump meets with French President Macron.
""We have a tremendous relationship. We're discussing tra‚Ä¶ https://t.co/IfC38uJPVn",Wed Jul 11 14:58:19 +0000 2018,0,0,0,1,51
151,@CBSNews,"Ex-FBI lawyer Lisa Page will not appear Wednesday before Congressional committee, attorney says‚Ä¶ https://t.co/M2utFOtNN3",Wed Jul 11 14:44:31 +0000 2018,0,0,0,1,52
152,@CBSNews,"""(I) warmed him up, gave him a couple of kisses and just held him"": Officers recall finding buried baby in Montana‚Ä¶ https://t.co/iAfekmHuaC",Wed Jul 11 14:29:39 +0000 2018,0.6597,0.221,0,0.779,53
153,@CBSNews,WATCH: @SpeakerRyan is speaking after a closed House conference https://t.co/QdLLHBhuyQ https://t.co/upCVzEshJd,Wed Jul 11 14:21:52 +0000 2018,0,0,0,1,54
154,@CBSNews,WATCH: President Trump meets with German Chancellor Angela Merkel https://t.co/VVaEXWal3Z https://t.co/VIIfgelkJh,Wed Jul 11 14:14:35 +0000 2018,0,0,0,1,55
155,@CBSNews,Murdoch's 21st Century Fox ups Sky bid to beat rival Comcast https://t.co/wdahmsZKCH https://t.co/UnG6T7xVdo,Wed Jul 11 14:14:34 +0000 2018,0,0,0,1,56
156,@CBSNews,WATCH: First video emerges off Thai soccer team recovering in hospital's isolation ward after rescue‚Ä¶ https://t.co/KQING2XfKv,Wed Jul 11 14:00:41 +0000 2018,-0.4019,0,0.153,0.847,57
157,@CBSNews,"Zsa Zsa, the ""World's Ugliest Dog,"" dies less than a month after securing title: https://t.co/p01mhlj46F https://t.co/IsaUDbPu4n",Wed Jul 11 13:49:51 +0000 2018,-0.3612,0.12,0.199,0.681,58
158,@CBSNews,First video emerges of Thai soccer team recovering in hospital's isolation ward https://t.co/FOVoOzkqRy https://t.co/xaW3FhqcFI,Wed Jul 11 13:34:31 +0000 2018,-0.4019,0,0.172,0.828,59
159,@CBSNews,Queen Elizabeth II will welcome President Trump and his wife Melania at Windsor Castle where they will watch a mili‚Ä¶ https://t.co/VePgZTBHoF,Wed Jul 11 13:18:09 +0000 2018,0.4588,0.136,0,0.864,60
160,@CBSNews,Sweet! 7-Eleven is giving out free Slurpees for their 91st birthday today. https://t.co/h3g9Lhd5B9 https://t.co/qJnhO1CxCx,Wed Jul 11 12:59:57 +0000 2018,0.8398,0.45,0,0.55,61
161,@CBSNews,"Watch never-before-seen archival footage of Tom Petty and the Heartbreakers' newly released song, ""Keep A Little So‚Ä¶ https://t.co/G393kwATz7",Wed Jul 11 12:42:39 +0000 2018,-0.5994,0,0.246,0.754,62
162,@CBSNews,RT @CBSThisMorning: Just revealed on @CBSThisMorning: Watch never-before-seen archival footage of @TomPetty and the Heartbreakers' newly re‚Ä¶,Wed Jul 11 12:41:38 +0000 2018,-0.4767,0,0.162,0.838,63
163,@CBSNews,"Some immigrant toddlers are back in the arms of their parents, but others remained in holding facilities as federal‚Ä¶ https://t.co/oriWt1T3mx",Wed Jul 11 12:20:02 +0000 2018,0,0,0,1,64
164,@CBSNews,WATCH: NATO leaders come together for photo ahead of summit in Brussels https://t.co/GzkrQJf5pP https://t.co/nVwLpI2Qy9,Wed Jul 11 12:05:03 +0000 2018,0,0,0,1,65
165,@CBSNews,Border Patrol claims New York City Mayor Bill de Blasio illegally crossed the U.S. border https://t.co/F1UmRLOib2 https://t.co/JzyNm7uIqO,Wed Jul 11 12:00:01 +0000 2018,0,0,0,1,66
166,@CBSNews,"Police warn there is no ""guarantee"" the U.K. is clear of the deadly nerve agent Novichok after an attack on an ex-s‚Ä¶ https://t.co/9uSU88coPN",Wed Jul 11 11:44:44 +0000 2018,-0.4767,0.092,0.237,0.671,67
167,@CBSNews,"Brett Kavanaugh needs 51 votes to become the Supreme Court's next associate justice, and his future rests in the ha‚Ä¶ https://t.co/2DNHA8MvnK",Wed Jul 11 11:31:00 +0000 2018,0.7906,0.269,0,0.731,68
168,@CBSNews,RT @CBSThisMorning: ‚ÄúThere was still cautious optimism only because we still had 4 Thai Navy SEALs that were still back there that we were‚Ä¶,Wed Jul 11 11:25:26 +0000 2018,0.4767,0.135,0.054,0.811,69
169,@CBSNews,"""Germany is totally controlled by Russia"": President Trump took a few jabs at Germany during a combative breakfast‚Ä¶ https://t.co/swOziqMiBT",Wed Jul 11 11:15:21 +0000 2018,0,0,0,1,70
170,@CBSNews,Final group was pulled from Thai cave just before water pump malfunction: https://t.co/EUrGCavzlv https://t.co/tIASElBRNV,Wed Jul 11 10:51:53 +0000 2018,0,0,0,1,71
171,@CBSNews,RT @CBSThisMorning: NEW: @CBSNews has learned the final four boys and the coach were rescued just in time from a Thai cave. Hours after the‚Ä¶,Wed Jul 11 10:51:22 +0000 2018,0.4215,0.109,0,0.891,72
172,@CBSNews,RT @CBSThisMorning: Take a look at what's ahead on @CBSThisMorning: https://t.co/JT8hTYljhA,Wed Jul 11 10:46:48 +0000 2018,0,0,0,1,73
173,@CBSNews,A couple and three young children were found fatally shot at their Delaware home in what police describe as a murde‚Ä¶ https://t.co/M5SmlH92CN,Wed Jul 11 10:39:46 +0000 2018,-0.6369,0,0.181,0.819,74
174,@CBSNews,"RT @CBSThisMorning: THIS MORNING: 
üîú @weijia  on high stakes NATO summit
üîú @IanBremmer joins us in Studio 57 
üîú @DrLaPook  discusses and ha‚Ä¶",Wed Jul 11 10:32:13 +0000 2018,0,0,0,1,75
175,@CBSNews,"President Trump claimed a pipeline project has made Germany ""totally controlled"" by and ""captive to Russia"" during‚Ä¶ https://t.co/eOukUhAgmN",Wed Jul 11 10:20:35 +0000 2018,0,0,0,1,76
176,@CBSNews,Millions breathe a global sigh of relief as boys emerge safely from Thai cave https://t.co/fV5vKTEaeE https://t.co/XnzJYqfDkt,Wed Jul 11 10:03:04 +0000 2018,0.7506,0.381,0,0.619,77
177,@CBSNews,These are the senators to watch during Brett Kavanaugh's confirmation process https://t.co/eqWCCVlq7A https://t.co/F5kt9hulhX,Wed Jul 11 09:56:07 +0000 2018,0,0,0,1,78
178,@CBSNews,Johnny Depp sued for allegedly punching location manager https://t.co/kd5WSiXutm https://t.co/BA4CRaMeTs,Wed Jul 11 09:48:04 +0000 2018,0,0,0,1,79
179,@CBSNews,12th arrest in Bronx teen's machete slaying outside bodega https://t.co/a4W6w7X6j3 https://t.co/yIFHKyuEw4,Wed Jul 11 09:41:37 +0000 2018,-0.34,0,0.194,0.806,80
180,@CBSNews,Trump kicks off NATO summit with jab at Germany https://t.co/oXD8b8Emqb https://t.co/pRidgZVHXV,Wed Jul 11 09:30:17 +0000 2018,0,0,0,1,81
181,@CBSNews,"Neighbor: Boy discovers 5 people, including 3 kids, dead inside Delaware home https://t.co/Iy8LFsa7JU https://t.co/ER6J1xuphZ",Wed Jul 11 09:18:04 +0000 2018,-0.6486,0,0.281,0.719,82
182,@CBSNews,How China could hurt the U.S. if it runs out of imports to tax https://t.co/qmutZpa5mU https://t.co/xiE6utSPo1,Wed Jul 11 09:03:03 +0000 2018,-0.5267,0,0.185,0.815,83
183,@CBSNews,"Alaska plane crash: All 11 people on board survive, officials say https://t.co/IxtIY1ifJt https://t.co/EQYAB7lCPZ",Wed Jul 11 08:48:03 +0000 2018,-0.4019,0,0.184,0.816,84
184,@CBSNews,"Doctor burnout behind many medical errors, study finds https://t.co/zn7RZR3CpQ https://t.co/coi7vToHIE",Wed Jul 11 08:33:03 +0000 2018,-0.34,0,0.211,0.789,85
185,@CBSNews,Photo shows four badass Thai Navy SEALs who stayed with boys in cave https://t.co/3Idjx5SQdq https://t.co/KhfM41xabN,Wed Jul 11 08:18:03 +0000 2018,0.34,0.146,0,0.854,86
186,@CBSNews,California man gored by bull twice while checking out used car https://t.co/oV8I55Ti7R https://t.co/Z4mqSqAkog,Wed Jul 11 08:03:05 +0000 2018,0,0,0,1,87
187,@CBSNews,"Survivor speaks out after multi-car crash kills man, 4 daughters https://t.co/wM33Yhgccb https://t.co/HJ4dTPTJsG",Wed Jul 11 07:48:04 +0000 2018,-0.5719,0.15,0.371,0.479,88
188,@CBSNews,"Natural gas explosions rock Madison, Wisconsin suburb, level buildings https://t.co/JDAEtRHMmK https://t.co/3eF4Q8sS2k",Wed Jul 11 07:40:07 +0000 2018,0.3612,0.2,0,0.8,89
189,@CBSNews,"Michael Flynn's lawyers say he hasn't joined lobbying firm, hours after firm's announcement https://t.co/lu4x0AglUp https://t.co/VfRfPGP5rJ",Wed Jul 11 07:33:03 +0000 2018,0.0572,0.08,0,0.92,90
190,@CBSNews,Man caught on video harassing woman for wearing Puerto Rico T-shirt at park https://t.co/ELiomF4VUe https://t.co/A1YCmh0IyM,Wed Jul 11 07:18:05 +0000 2018,-0.5423,0,0.2,0.8,91
191,@CBSNews,Mike Flynn joining lobbying firm after pleading guilty in Russia probe https://t.co/5MsAmNZCrf https://t.co/mToKEdvMfO,Wed Jul 11 07:03:04 +0000 2018,-0.4767,0,0.272,0.728,92
192,@CBSNews,China blasts U.S. upping ante in possible trade war https://t.co/WDQuByq6cQ https://t.co/N7SS6Uljtf,Wed Jul 11 06:54:13 +0000 2018,-0.5994,0,0.281,0.719,93
193,@CBSNews,Supreme Court nominee Brett Kavanaugh could impact your wallet in at least 3 ways https://t.co/qLmZIfayTn https://t.co/7uoEYbQpTZ,Wed Jul 11 06:48:03 +0000 2018,0.5574,0.205,0,0.795,94
194,@CBSNews,Mom says Texas officer choked boy before pointing gun at kids https://t.co/WZSGFKYwE5 https://t.co/8NepIRmu9b,Wed Jul 11 06:33:03 +0000 2018,-0.6705,0,0.333,0.667,95
195,@CBSNews,Immigrant recruit abruptly discharged from Army without explanation https://t.co/p0hToImsP8 https://t.co/v07AsyIecS,Wed Jul 11 06:18:03 +0000 2018,0,0,0,1,96
196,@CBSNews,Divers race to find Great Lakes shipwrecks threatened by invasive species https://t.co/qGrok4lJ6h https://t.co/RX33mbhXCK,Wed Jul 11 06:03:03 +0000 2018,0.2732,0.227,0.166,0.608,97
197,@CBSNews,"Princess Charlotte sasses photographers: ""You're not coming"" to christening https://t.co/mM7NhqfUx8 https://t.co/Pi20mI5eei",Wed Jul 11 05:48:05 +0000 2018,0,0,0,1,98
198,@CBSNews,Trump pardons Hammond ranchers in case that inspired 2016 Oregon militia occupation https://t.co/QxFQLOrKZg https://t.co/VohJc3fcWj,Wed Jul 11 05:33:03 +0000 2018,0.6597,0.31,0,0.69,99
199,@CBSNews,Workers are quitting their jobs at a rate not seen since dotcom bubble https://t.co/UpkzOop6s3 https://t.co/XTepkToejb,Wed Jul 11 05:18:04 +0000 2018,0,0,0,1,100
200,@CNN,"RT @CNNSitRoom: ""What do you think is going to happen?"" @KFILE breaks down the discovered audio of Darla, Bill Shine's wife. https://t.co/r‚Ä¶",Wed Jul 11 21:57:48 +0000 2018,0,0,0,1,1
201,@CNN,The Dow closed 219 points lower after the White House moved ahead with plans to launch tariffs on another $200 bill‚Ä¶ https://t.co/Xwon5FozNv,Wed Jul 11 21:57:04 +0000 2018,-0.296,0,0.095,0.905,2
202,@CNN,Prosecutors says Paul Manafort is being held in a private living unit larger than where other inmates stay that has‚Ä¶ https://t.co/1v9POdf6up,Wed Jul 11 21:55:10 +0000 2018,0,0,0,1,3
203,@CNN,A former Tesla employee has filed a formal tip with the Securities and Exchange Commission that alleges Elon Musk's‚Ä¶ https://t.co/zSaw4Tm0l0,Wed Jul 11 21:51:03 +0000 2018,0.296,0.115,0,0.885,4
204,@CNN,The wife of top Trump aide Bill Shine had a radio show where she said women in the military should expect sexual ha‚Ä¶ https://t.co/35H4ZORfrW,Wed Jul 11 21:46:51 +0000 2018,0.2023,0.076,0,0.924,5
205,@CNN,New York Mayor Bill de Blasio says allegations made by US Customs and Border Protection that he had crossed the US-‚Ä¶ https://t.co/wx7nECfGKJ,Wed Jul 11 21:41:03 +0000 2018,0,0,0,1,6
206,@CNN,"Sen. Jeanne Shaheen said she wants ""a chance to listen"" to Supreme Court nominee Brett Kavanaugh before deciding wh‚Ä¶ https://t.co/ZZBAsCrn9s",Wed Jul 11 21:36:46 +0000 2018,0.6808,0.237,0,0.763,7
207,@CNN,A New Jersey man who went into a river fishing for crabs returned with something else entirely: a deadly bacterial‚Ä¶ https://t.co/nDwAt9vmq0,Wed Jul 11 21:31:06 +0000 2018,0,0,0,1,8
208,@CNN,"Drake's ""Scorpion"" album set a record by posting seven simultaneous singles on Billboard's Top 10. That toppled The‚Ä¶ https://t.co/3OjpStr0n0",Wed Jul 11 21:31:00 +0000 2018,0.2023,0.096,0,0.904,9
209,@CNN,Some people with disabilities fear that a growing effort to ban plastic straws will limit their accessibility at re‚Ä¶ https://t.co/x7SzLcZXEs,Wed Jul 11 21:26:08 +0000 2018,-0.7269,0.069,0.278,0.653,10
210,@CNN,Twitter is purging suspicious accounts from your follower count https://t.co/sBGa1gwhFE https://t.co/cFPL0wmThw,Wed Jul 11 21:22:08 +0000 2018,-0.3612,0,0.2,0.8,11
211,@CNN,Jubilant fans erupt in celebration in Zagreb as Croatia defeats England 2-1 to reach its first-ever #WorldCup final‚Ä¶ https://t.co/XNE58QMs7V,Wed Jul 11 21:19:57 +0000 2018,0.4215,0.218,0.098,0.684,12
212,@CNN,"RT @TheLeadCNN: Fmr. NATO Supreme Allied Commander, Gen. Wesley Clark dismisses President Trump's claim that German is a 'captive of Russia‚Ä¶",Wed Jul 11 21:18:02 +0000 2018,0.5574,0.159,0,0.841,13
213,@CNN,How much does the US spend on defense? A lot! | Analysis by CNN's Z. Byron Wolf https://t.co/bsyS3YMiX9 https://t.co/B2GYuXt4Ai,Wed Jul 11 21:16:09 +0000 2018,0.2003,0.101,0,0.899,14
214,@CNN,Stop fighting about breastfeeding and face this reality | By Gayle Tzemach Lemmon via @CNNOpinion‚Ä¶ https://t.co/p1pnOuHqky,Wed Jul 11 21:11:11 +0000 2018,-0.5719,0,0.266,0.734,15
215,@CNN,RT @TheLeadCNN: A Russian internet company with links to the Kremlin was among the firms to which Facebook gave an extension which allowed‚Ä¶,Wed Jul 11 21:09:14 +0000 2018,0,0,0,1,16
216,@CNN,Disney is already the king of the box office. And if the company's $71.3 billion deal for most of 21st Century Fox‚Ä¶ https://t.co/VoP2oh4fNM,Wed Jul 11 21:06:07 +0000 2018,0,0,0,1,17
217,@CNN,"Sears is laying off 200 more people, including 150 in its Illinois headquarters https://t.co/fiYUDCOZqZ https://t.co/SuDCUlPJwp",Wed Jul 11 21:01:05 +0000 2018,0,0,0,1,18
218,@CNN,"RT @TheLeadCNN: ""Dad, where were you?"" Josue Rodriguez describes what it was like reuniting with his 3-year-old son after being separated f‚Ä¶",Wed Jul 11 20:58:18 +0000 2018,0.3612,0.106,0,0.894,19
219,@CNN,"Sen. Bob Menendez said he believes it would be ""enormously dangerous"" if President Trump were to meet alone with Ru‚Ä¶ https://t.co/LPbXZXmLVT",Wed Jul 11 20:56:07 +0000 2018,-0.659,0,0.221,0.779,20
220,@CNN,"RT @CNNSitRoom: ""What do you think is going to happen?"" @KFILE breaks down the discovered audio of Darla, Bill Shine's wife. https://t.co/r‚Ä¶",Wed Jul 11 21:57:48 +0000 2018,0,0,0,1,21
221,@CNN,The Dow closed 219 points lower after the White House moved ahead with plans to launch tariffs on another $200 bill‚Ä¶ https://t.co/Xwon5FozNv,Wed Jul 11 21:57:04 +0000 2018,-0.296,0,0.095,0.905,22
222,@CNN,Prosecutors says Paul Manafort is being held in a private living unit larger than where other inmates stay that has‚Ä¶ https://t.co/1v9POdf6up,Wed Jul 11 21:55:10 +0000 2018,0,0,0,1,23
223,@CNN,A former Tesla employee has filed a formal tip with the Securities and Exchange Commission that alleges Elon Musk's‚Ä¶ https://t.co/zSaw4Tm0l0,Wed Jul 11 21:51:03 +0000 2018,0.296,0.115,0,0.885,24
224,@CNN,The wife of top Trump aide Bill Shine had a radio show where she said women in the military should expect sexual ha‚Ä¶ https://t.co/35H4ZORfrW,Wed Jul 11 21:46:51 +0000 2018,0.2023,0.076,0,0.924,25
225,@CNN,New York Mayor Bill de Blasio says allegations made by US Customs and Border Protection that he had crossed the US-‚Ä¶ https://t.co/wx7nECfGKJ,Wed Jul 11 21:41:03 +0000 2018,0,0,0,1,26
226,@CNN,"Sen. Jeanne Shaheen said she wants ""a chance to listen"" to Supreme Court nominee Brett Kavanaugh before deciding wh‚Ä¶ https://t.co/ZZBAsCrn9s",Wed Jul 11 21:36:46 +0000 2018,0.6808,0.237,0,0.763,27
227,@CNN,A New Jersey man who went into a river fishing for crabs returned with something else entirely: a deadly bacterial‚Ä¶ https://t.co/nDwAt9vmq0,Wed Jul 11 21:31:06 +0000 2018,0,0,0,1,28
228,@CNN,"Drake's ""Scorpion"" album set a record by posting seven simultaneous singles on Billboard's Top 10. That toppled The‚Ä¶ https://t.co/3OjpStr0n0",Wed Jul 11 21:31:00 +0000 2018,0.2023,0.096,0,0.904,29
229,@CNN,Some people with disabilities fear that a growing effort to ban plastic straws will limit their accessibility at re‚Ä¶ https://t.co/x7SzLcZXEs,Wed Jul 11 21:26:08 +0000 2018,-0.7269,0.069,0.278,0.653,30
230,@CNN,Twitter is purging suspicious accounts from your follower count https://t.co/sBGa1gwhFE https://t.co/cFPL0wmThw,Wed Jul 11 21:22:08 +0000 2018,-0.3612,0,0.2,0.8,31
231,@CNN,Jubilant fans erupt in celebration in Zagreb as Croatia defeats England 2-1 to reach its first-ever #WorldCup final‚Ä¶ https://t.co/XNE58QMs7V,Wed Jul 11 21:19:57 +0000 2018,0.4215,0.218,0.098,0.684,32
232,@CNN,"RT @TheLeadCNN: Fmr. NATO Supreme Allied Commander, Gen. Wesley Clark dismisses President Trump's claim that German is a 'captive of Russia‚Ä¶",Wed Jul 11 21:18:02 +0000 2018,0.5574,0.159,0,0.841,33
233,@CNN,How much does the US spend on defense? A lot! | Analysis by CNN's Z. Byron Wolf https://t.co/bsyS3YMiX9 https://t.co/B2GYuXt4Ai,Wed Jul 11 21:16:09 +0000 2018,0.2003,0.101,0,0.899,34
234,@CNN,Stop fighting about breastfeeding and face this reality | By Gayle Tzemach Lemmon via @CNNOpinion‚Ä¶ https://t.co/p1pnOuHqky,Wed Jul 11 21:11:11 +0000 2018,-0.5719,0,0.266,0.734,35
235,@CNN,RT @TheLeadCNN: A Russian internet company with links to the Kremlin was among the firms to which Facebook gave an extension which allowed‚Ä¶,Wed Jul 11 21:09:14 +0000 2018,0,0,0,1,36
236,@CNN,Disney is already the king of the box office. And if the company's $71.3 billion deal for most of 21st Century Fox‚Ä¶ https://t.co/VoP2oh4fNM,Wed Jul 11 21:06:07 +0000 2018,0,0,0,1,37
237,@CNN,"Sears is laying off 200 more people, including 150 in its Illinois headquarters https://t.co/fiYUDCOZqZ https://t.co/SuDCUlPJwp",Wed Jul 11 21:01:05 +0000 2018,0,0,0,1,38
238,@CNN,"RT @TheLeadCNN: ""Dad, where were you?"" Josue Rodriguez describes what it was like reuniting with his 3-year-old son after being separated f‚Ä¶",Wed Jul 11 20:58:18 +0000 2018,0.3612,0.106,0,0.894,39
239,@CNN,"Sen. Bob Menendez said he believes it would be ""enormously dangerous"" if President Trump were to meet alone with Ru‚Ä¶ https://t.co/LPbXZXmLVT",Wed Jul 11 20:56:07 +0000 2018,-0.659,0,0.221,0.779,40
240,@CNN,Allies wonder if the West can withstand the Trump presidency | Analysis by @stcollinson https://t.co/Op5XKyqpm5 https://t.co/cWi16VoXrH,Wed Jul 11 20:51:21 +0000 2018,0,0,0,1,41
241,@CNN,"Fans cheer as Croatia's win against England puts it through to its first ever #WorldCup final, where it will face F‚Ä¶ https://t.co/M1JCEWrIFg",Wed Jul 11 20:48:28 +0000 2018,0.7964,0.262,0,0.738,42
242,@CNN,"Blood pressure linked to lesions, signs of Alzheimer's in autopsied brains, new study finds https://t.co/PjHIh5ye7C https://t.co/OsHsLU8im9",Wed Jul 11 20:41:03 +0000 2018,-0.296,0,0.128,0.872,43
243,@CNN,Croatia beats England to reach their first ever #WorldCup final. They'll face 1998 champion France on Sunday.‚Ä¶ https://t.co/Fc6Knoq6zi,Wed Jul 11 20:39:46 +0000 2018,0.6124,0.238,0,0.762,44
244,@CNN,Republicans on Capitol Hill say they're considering holding former FBI lawyer Lisa Page in contempt after she did n‚Ä¶ https://t.co/zvKNwLPBNQ,Wed Jul 11 20:36:03 +0000 2018,-0.5859,0,0.167,0.833,45
245,@CNN,"""All I ask today is for my parents to be freed immediately."" With a call to #FreeTheSilvas, the daughter of a coupl‚Ä¶ https://t.co/ohgVCBUuz3",Wed Jul 11 20:29:59 +0000 2018,0.4019,0.124,0,0.876,46
246,@CNN,The Senate confirmed Brian Benczkowski to lead the Justice Department's criminal division on a near party-line vote‚Ä¶ https://t.co/Qf3SoOaWAj,Wed Jul 11 20:23:36 +0000 2018,0,0.156,0.156,0.688,47
247,@CNN,"Sen. Bob Corker bluntly warned that US influence around the world is ""diminishing"" and said he believes President T‚Ä¶ https://t.co/zja8LANHbv",Wed Jul 11 20:21:19 +0000 2018,-0.2732,0,0.1,0.9,48
248,@CNN,"RT @TheLeadCNN: President Trump came out brawling in his first public comments ahead of NATO's annual summit, accusing Germany ‚Äî a close US‚Ä¶",Wed Jul 11 20:16:03 +0000 2018,-0.1779,0,0.078,0.922,49
249,@CNN,America is falling far behind on key world goals | By Jeffrey Sachs via @CNNOpinion https://t.co/favnT0yWQD https://t.co/BKKpli9ooQ,Wed Jul 11 20:14:35 +0000 2018,-0.1531,0,0.096,0.904,50
250,@CNN,"""Little People, Big World"" star Jeremy Roloff has announced that he and his wife Audrey are leaving the reality sho‚Ä¶ https://t.co/0NDWqheOm9",Wed Jul 11 20:13:57 +0000 2018,0,0,0,1,51
251,@CNN,"RT @CNNnewsroom: After President Trump said his meeting with Russian President Putin may be the ‚Äúeasiest‚Äù one, Senator Menendez says, ‚ÄúSome‚Ä¶",Wed Jul 11 20:12:30 +0000 2018,0,0,0,1,52
252,@CNN,Trade war? Here's what investors should really be worried about https://t.co/94PnTJZye6 https://t.co/XRSxAIIeol,Wed Jul 11 20:11:21 +0000 2018,-0.749,0,0.389,0.611,53
253,@CNN,"RT @CNNMoney: Dow sinks 219 points, or 0.9%, on trade war worries. S&amp;P 500 loses 0.7%, snapping four-day win streak. US oil plunges by 5%,‚Ä¶",Wed Jul 11 20:09:22 +0000 2018,-0.6369,0.112,0.266,0.621,54
254,@CNN,"The Duke and Duchess of Sussex were greeted by fans in Dublin Ireland, during their first official international vi‚Ä¶ https://t.co/mN7oF2xDyB",Wed Jul 11 20:07:01 +0000 2018,0.2732,0.1,0,0.9,55
255,@CNN,"Parkland, Florida, parents and students filed suit against Broward County, the sheriff, his deputies and the school‚Ä¶ https://t.co/J5WaFMLXaW",Wed Jul 11 20:01:53 +0000 2018,0,0,0,1,56
256,@CNN,Violent protests in Uganda have forced the government to review a controversial tax imposed on social media use in‚Ä¶ https://t.co/9HqEv3EyHu,Wed Jul 11 19:57:04 +0000 2018,-0.872,0,0.459,0.541,57
257,@CNN,"In his first public appearance since taking over as the acting head of the Environmental Protection Agency, Andrew‚Ä¶ https://t.co/fn8bcSpa9c",Wed Jul 11 19:49:53 +0000 2018,0,0,0,1,58
258,@CNN,"Tickets for Sean Spicer's book launch party go for as much as $1,000 https://t.co/nkQJEv8CZR https://t.co/HMfbsaK9F4",Wed Jul 11 19:37:09 +0000 2018,0.4019,0.162,0,0.838,59
259,@CNN,Papa John's founder John Schnatter apologizes for using the N-word on a conference call in May‚Ä¶ https://t.co/fvZe1ZrIiz,Wed Jul 11 19:36:07 +0000 2018,0.3612,0.143,0,0.857,60
260,@CNN,Remarkable video shows the rescue operation to bring members of the young soccer team out of Thailand's Tham Luang‚Ä¶ https://t.co/5aUZ4eEm7P,Wed Jul 11 19:31:34 +0000 2018,0.7845,0.277,0,0.723,61
261,@CNN,The British Association of Sexual Health and HIV has published new treatment guidelines in an attempt to prevent th‚Ä¶ https://t.co/B4eLkamG9q,Wed Jul 11 19:25:46 +0000 2018,0.0258,0.055,0,0.945,62
262,@CNN,"The Senate took a bipartisan swipe at President Donald Trump, overwhelmingly approving a motion of support for NATO‚Ä¶ https://t.co/IvbEfJqAMT",Wed Jul 11 19:24:57 +0000 2018,0.296,0.141,0.078,0.781,63
263,@CNN,"In an experiment, Australian scientists have successfully wiped out more than 80% of disease-carrying mosquitoes in‚Ä¶ https://t.co/G1nvRoFav6",Wed Jul 11 19:14:19 +0000 2018,0.4939,0.167,0,0.833,64
264,@CNN,Trump's policies boost the for-profit detention business. But the migrants at this facility say they feel coerced i‚Ä¶ https://t.co/4zosU6Cyuh,Wed Jul 11 19:02:26 +0000 2018,-0.4854,0.081,0.219,0.7,65
265,@CNN,"Listen to Maggie Gyllenhaal and over 30 other Hollywood stars read an affidavit from a mother, known as Mirian, who‚Ä¶ https://t.co/IbCLwQQ5wm",Wed Jul 11 18:56:45 +0000 2018,0,0,0,1,66
266,@CNN,These grandparents went to visit their soldier son-in-law at an Army base on July 4 and were turned over to ICE‚Ä¶ https://t.co/QSc1qfuJlH,Wed Jul 11 18:50:02 +0000 2018,0,0,0,1,67
267,@CNN,"The US embassy has taken the unusual step of issuing a warning to American citizens in the UK to ""keep a low profil‚Ä¶ https://t.co/BaW8DX5Ib7",Wed Jul 11 18:40:08 +0000 2018,-0.5423,0,0.184,0.816,68
268,@CNN,"The Cheesemonger Invitational began as an industry event for producers, importers and sellers of cheese. Its founde‚Ä¶ https://t.co/2BQp8dAf8i",Wed Jul 11 18:32:38 +0000 2018,0,0,0,1,69
269,@CNN,A sheriff's deputy who found a baby partially buried but alive in the mountains of Montana over the weekend says he‚Ä¶ https://t.co/m0iYWwntFW,Wed Jul 11 18:30:16 +0000 2018,0.5267,0.152,0,0.848,70
270,@CNN,An Australian doctor who played a key role in rescuing 12 young Thai soccer players and their coach learned afterwa‚Ä¶ https://t.co/iS9uTWmoz7,Wed Jul 11 18:20:03 +0000 2018,0.34,0.112,0,0.888,71
271,@CNN,"A week after a 91-year-old Mexican man says he was beaten with a concrete block in Southern California, a woman has‚Ä¶ https://t.co/mOsAaoeD29",Wed Jul 11 18:10:06 +0000 2018,-0.6908,0,0.263,0.737,72
272,@CNN,"Drake's ""Scorpion"" album set a record by posting seven simultaneous singles on Billboards Top 10. That toppled The‚Ä¶ https://t.co/HTfJnSZ4TS",Wed Jul 11 18:00:01 +0000 2018,0.2023,0.096,0,0.904,73
273,@CNN,The hypocrisy at the heart of Trump's rancher pardon | By Peniel Joseph via @CNNOpinion https://t.co/PkzAbNYW0I https://t.co/6VGzlngzjN,Wed Jul 11 17:53:17 +0000 2018,0.3182,0.133,0,0.867,74
274,@CNN,RT @AC360: Only 5 days until the premiere of Anderson Cooper Full Circle on Facebook Watch. Which story would you want to see covered on th‚Ä¶,Wed Jul 11 17:43:19 +0000 2018,0.0772,0.051,0,0.949,75
275,@CNN,"""You might as well have your eyes closed for the whole trip"": Australian divers describe rescuing the boys trapped‚Ä¶ https://t.co/sY5qUPk7ML",Wed Jul 11 17:41:27 +0000 2018,0.2732,0.1,0,0.9,76
276,@CNN,The hypocrisy at the heart of Trump's rancher pardon | By Peniel Joseph via @CNNOpinion https://t.co/xntNluCx2k https://t.co/hhOdsW3Gnd,Wed Jul 11 17:34:58 +0000 2018,0.3182,0.133,0,0.867,77
277,@CNN,"Chicago has been Sears' headquarters for a century. Now, the struggling retailer is closing its last location there‚Ä¶ https://t.co/75Yx69xSnS",Wed Jul 11 17:32:00 +0000 2018,-0.4215,0,0.141,0.859,78
278,@CNN,A New Jersey man who went into a river fishing for crabs returned with something else entirely: a deadly bacterial‚Ä¶ https://t.co/tenemz1O4s,Wed Jul 11 17:24:03 +0000 2018,0,0,0,1,79
279,@CNN,The Trump administration is once again slashing funding for a program that helps Americans sign up for Obamacare‚Ä¶ https://t.co/X01PuxWGww,Wed Jul 11 17:14:13 +0000 2018,0.128,0.126,0.101,0.773,80
280,@CNN,"Meet Care-E, the automated airport assistant that scans a boarding pass, carries luggage and guides passengers to t‚Ä¶ https://t.co/gRBrB13c8k",Wed Jul 11 17:10:39 +0000 2018,0,0,0,1,81
281,@CNN,Roger Federer blew a match point and two-set lead against Kevin Anderson to crash out of Wimbledon in the quarterfi‚Ä¶ https://t.co/BfKTexZ8Jr,Wed Jul 11 17:00:02 +0000 2018,-0.4019,0,0.124,0.876,82
282,@CNN,"Former President Barack Obama appears in a new video to promote the National Democratic Redistricting Committee, an‚Ä¶ https://t.co/BtqYW5At9R",Wed Jul 11 16:50:11 +0000 2018,0.3818,0.14,0,0.86,83
283,@CNN,"Investing expert Mohamed El-Erian joins @RichardQuest on @CNNMoney's ""Markets Now"" today at 12:45 p.m. ET. Tune in‚Ä¶ https://t.co/jWG4ufXsr0",Wed Jul 11 16:42:02 +0000 2018,0,0,0,1,84
284,@CNN,"No, Facebook, Tyler Perry isn't buying you a car https://t.co/aXGIHzGD80 https://t.co/tRC5dgyLfH",Wed Jul 11 16:33:06 +0000 2018,-0.296,0,0.196,0.804,85
285,@CNN,"Every year, an estimated 1.3 billion tons of food produced for human consumption is lost or wasted. Can kitchen tec‚Ä¶ https://t.co/dw1guTB1Zc",Wed Jul 11 16:31:05 +0000 2018,-0.6705,0,0.224,0.776,86
286,@CNN,"Microsoft is taking a stab at the cheap tablet market with the Surface Go, a 10-inch iPad competitor‚Ä¶ https://t.co/zxnNgxf8KP",Wed Jul 11 16:20:00 +0000 2018,-0.5859,0,0.192,0.808,87
287,@CNN,"For the first time, compulsive sexual behavior -- commonly called sex addiction -- is classified as a mental health‚Ä¶ https://t.co/sBilefuhSL",Wed Jul 11 16:19:21 +0000 2018,0,0,0,1,88
288,@CNN,A French bulldog named Darcy was given an oxygen mask on a JetBlue flight after showing signs of distress. Darcy's‚Ä¶ https://t.co/t8WhNEMAlA,Wed Jul 11 16:08:56 +0000 2018,-0.5267,0,0.159,0.841,89
289,@CNN,"President Trump says he plans to give a copy of the Elton John hit song ""Rocket Man"" to North Korean leader Kim Jon‚Ä¶ https://t.co/VnGeDmCOyx",Wed Jul 11 16:00:02 +0000 2018,0,0,0,1,90
290,@CNN,"Peanuts have long been the snack du jour for Southwest Airlines, but the airline will stop serving them as of Augus‚Ä¶ https://t.co/4ztLT4diKA",Wed Jul 11 15:55:10 +0000 2018,-0.4215,0,0.118,0.882,91
291,@CNN,A Russian internet company with links to the Kremlin was among the firms to which Facebook gave an extension which‚Ä¶ https://t.co/6qmAIljBQx,Wed Jul 11 15:51:10 +0000 2018,0,0,0,1,92
292,@CNN,Why Puglia is a perfect Italy beach destination https://t.co/0NKLm51AdD via @CNNTravel https://t.co/H1KZnnrJGZ,Wed Jul 11 15:44:23 +0000 2018,0.5719,0.27,0,0.73,93
293,@CNN,German Chancellor Angela Merkel responds to Trump: 'I have witnessed' Germany under Soviet control https://t.co/Mv68pQGfIN,Wed Jul 11 15:40:00 +0000 2018,0,0,0,1,94
294,@CNN,Parents across the UK are complaining that their babies are ill after using some Aptamil baby milk formulas‚Ä¶ https://t.co/GxMvlVaxV5,Wed Jul 11 15:33:13 +0000 2018,-0.5574,0,0.213,0.787,95
295,@CNN,"President Trump came out brawling in his first public comments ahead of NATO's annual summit, accusing Germany ‚Äî a‚Ä¶ https://t.co/CJWVFXCQYq",Wed Jul 11 15:31:47 +0000 2018,-0.1779,0,0.086,0.914,96
296,@CNN,"HHS Secretary Alex Azar said his department was performing ""one of the great acts of American generosity and charit‚Ä¶ https://t.co/r8jE7Ie520",Wed Jul 11 15:22:01 +0000 2018,0.8126,0.291,0,0.709,97
297,@CNN,3 graphs that explain President Trump's dilemma on the border https://t.co/GToTWeXFDX https://t.co/PSVk4VLvPS,Wed Jul 11 15:10:06 +0000 2018,-0.1779,0,0.145,0.855,98
298,@CNN,New video shows just how dangerous the Thai cave rescue was https://t.co/qsYHAn0wVv https://t.co/qhanywoTSQ,Wed Jul 11 15:03:48 +0000 2018,0.0516,0.19,0.178,0.632,99
299,@CNN,Trump tweeted out a video about winning the 2016 election. Here's where it came from. https://t.co/lBY8pA9ROm https://t.co/47F1QGyNdJ,Wed Jul 11 15:02:03 +0000 2018,0.5267,0.185,0,0.815,100
300,@FoxNews,RT @FoxBusiness: Congress eyes truck driver shortage solution  https://t.co/2wAgWonmY1,Wed Jul 11 21:56:27 +0000 2018,0.0772,0.204,0.177,0.619,1
301,@FoxNews,"RT @marthamaccallum: Coming up TONIGHT, my exclusive interview with @USAmbUK ! 7pm ET don‚Äôt miss it! üá¨üáßüá∫üá∏ #UK #FoxNews #TheStory https://t.‚Ä¶",Wed Jul 11 21:55:28 +0000 2018,-0.1739,0.069,0.101,0.83,2
302,@FoxNews,".@KennedyNation: ""I think a lot of these [NATO] countries will be relieved when Donald Trump is no longer in office‚Ä¶ https://t.co/F2sac3njcu",Wed Jul 11 21:51:08 +0000 2018,0.1027,0.114,0.096,0.789,3
303,@FoxNews,Pennsylvania mom becomes community hero by feeding hungry children. #ProudAmerican https://t.co/o6bnHQgBHC,Wed Jul 11 21:46:06 +0000 2018,0.5574,0.265,0,0.735,4
304,@FoxNews,Michigan police dog to receive donated bullet and stab preventative vest in honor of fallen officer. https://t.co/HFYQnQKuHX,Wed Jul 11 21:32:58 +0000 2018,-0.4767,0.136,0.268,0.596,5
305,@FoxNews,"California woman arrested after leaving 2 babies in hot car while shopping at Walmart, police say. https://t.co/hiCnI0DpPr",Wed Jul 11 21:28:19 +0000 2018,-0.4767,0,0.171,0.829,6
306,@FoxNews,"Paul Manafort getting 'VIP' treatment in prison with private cell, bathroom, phone, laptop, special counsel says. (‚Ä¶ https://t.co/uwf6QPtVhU",Wed Jul 11 21:20:22 +0000 2018,-0.1531,0.123,0.15,0.727,7
307,@FoxNews,".@newtgingrich: #Trump Spoke 'Truth' About NATO Defense Spending, Some Members at 'Pathetic' Levels. https://t.co/s7ppXoT2mR",Wed Jul 11 21:15:35 +0000 2018,0.128,0.103,0,0.897,8
308,@FoxNews,Papa John's ex-CEO apologizes for using racial slur in May conference call. https://t.co/WoOe8zykmZ,Wed Jul 11 21:11:43 +0000 2018,0.3612,0.172,0,0.828,9
309,@FoxNews,"On track for a full recovery after being critically injured in a head-on collision last month, South Carolina GOP c‚Ä¶ https://t.co/oL7gXFWEq3",Wed Jul 11 21:05:00 +0000 2018,-0.6369,0,0.234,0.766,10
310,@FoxNews,Pennsylvania mom becomes community hero by feeding hungry children #ProudAmerican https://t.co/TbA71AhL0q,Wed Jul 11 20:54:52 +0000 2018,0.5574,0.265,0,0.735,11
311,@FoxNews,"Look what she made them do: Rumored Taylor Swift visit leads Capitol Hill interns, media on frantic search https://t.co/5r4zQgKckQ",Wed Jul 11 20:49:05 +0000 2018,-0.2732,0.083,0.134,0.783,12
312,@FoxNews,"Parkland massacre suspect Nikolas Cruz spoke of shooting school after being expelled, woman claims https://t.co/YQ8diUJ9bq",Wed Jul 11 20:43:19 +0000 2018,-0.4939,0,0.244,0.756,13
313,@FoxNews,BREAKING: Croatia defeats England to advance to #WorldCup final against France. https://t.co/7uhkhGM3B6,Wed Jul 11 20:41:47 +0000 2018,-0.3182,0,0.173,0.827,14
314,@FoxNews,".@PatToomey on tariffs: ""Protectionism leads to higher costs, fewer options for consumers and fewer jobs for Americ‚Ä¶ https://t.co/Y1y4GuYuH0",Wed Jul 11 20:38:47 +0000 2018,0,0,0,1,15
315,@FoxNews,".@KarlRove on 2018 midterms: ""The race for the House is a coin flip that's gonna depend upon the quality of local c‚Ä¶ https://t.co/3DgM7Ycsbs",Wed Jul 11 20:35:07 +0000 2018,0,0,0,1,16
316,@FoxNews,".@KarlRove: ""Midterm elections are rarely waves benefiting the party in power."" @TeamCavuto https://t.co/17sysvP3bD",Wed Jul 11 20:31:29 +0000 2018,0.4019,0.184,0,0.816,17
317,@FoxNews,".@KarlRove: ""Supreme Court battles tend to energize each party's base. The difficulty for the Democrats is they wer‚Ä¶ https://t.co/VXp01NST91",Wed Jul 11 20:29:11 +0000 2018,0.4019,0.251,0.187,0.562,18
318,@FoxNews,"RT @FoxBusiness: AT THE CLOSE: The Dow Jones Industrial Average, S&amp;P 500, and Nasdaq snap a 4-day winning streak on renewed trade tension.‚Ä¶",Wed Jul 11 20:23:25 +0000 2018,0.5267,0.139,0,0.861,19
319,@FoxNews,"Lisa Page does not appear for Capitol Hill interview despite subpoena, attorney says; Catherine Herridge reports.‚Ä¶ https://t.co/wUzesuMTgf",Wed Jul 11 20:23:05 +0000 2018,0,0,0,1,20
320,@FoxNews,RT @FoxBusiness: Congress eyes truck driver shortage solution  https://t.co/2wAgWonmY1,Wed Jul 11 21:56:27 +0000 2018,0.0772,0.204,0.177,0.619,21
321,@FoxNews,"RT @marthamaccallum: Coming up TONIGHT, my exclusive interview with @USAmbUK ! 7pm ET don‚Äôt miss it! üá¨üáßüá∫üá∏ #UK #FoxNews #TheStory https://t.‚Ä¶",Wed Jul 11 21:55:28 +0000 2018,-0.1739,0.069,0.101,0.83,22
322,@FoxNews,".@KennedyNation: ""I think a lot of these [NATO] countries will be relieved when Donald Trump is no longer in office‚Ä¶ https://t.co/F2sac3njcu",Wed Jul 11 21:51:08 +0000 2018,0.1027,0.114,0.096,0.789,23
323,@FoxNews,Pennsylvania mom becomes community hero by feeding hungry children. #ProudAmerican https://t.co/o6bnHQgBHC,Wed Jul 11 21:46:06 +0000 2018,0.5574,0.265,0,0.735,24
324,@FoxNews,Michigan police dog to receive donated bullet and stab preventative vest in honor of fallen officer. https://t.co/HFYQnQKuHX,Wed Jul 11 21:32:58 +0000 2018,-0.4767,0.136,0.268,0.596,25
325,@FoxNews,"California woman arrested after leaving 2 babies in hot car while shopping at Walmart, police say. https://t.co/hiCnI0DpPr",Wed Jul 11 21:28:19 +0000 2018,-0.4767,0,0.171,0.829,26
326,@FoxNews,"Paul Manafort getting 'VIP' treatment in prison with private cell, bathroom, phone, laptop, special counsel says. (‚Ä¶ https://t.co/uwf6QPtVhU",Wed Jul 11 21:20:22 +0000 2018,-0.1531,0.123,0.15,0.727,27
327,@FoxNews,".@newtgingrich: #Trump Spoke 'Truth' About NATO Defense Spending, Some Members at 'Pathetic' Levels. https://t.co/s7ppXoT2mR",Wed Jul 11 21:15:35 +0000 2018,0.128,0.103,0,0.897,28
328,@FoxNews,Papa John's ex-CEO apologizes for using racial slur in May conference call. https://t.co/WoOe8zykmZ,Wed Jul 11 21:11:43 +0000 2018,0.3612,0.172,0,0.828,29
329,@FoxNews,"On track for a full recovery after being critically injured in a head-on collision last month, South Carolina GOP c‚Ä¶ https://t.co/oL7gXFWEq3",Wed Jul 11 21:05:00 +0000 2018,-0.6369,0,0.234,0.766,30
330,@FoxNews,Pennsylvania mom becomes community hero by feeding hungry children #ProudAmerican https://t.co/TbA71AhL0q,Wed Jul 11 20:54:52 +0000 2018,0.5574,0.265,0,0.735,31
331,@FoxNews,"Look what she made them do: Rumored Taylor Swift visit leads Capitol Hill interns, media on frantic search https://t.co/5r4zQgKckQ",Wed Jul 11 20:49:05 +0000 2018,-0.2732,0.083,0.134,0.783,32
332,@FoxNews,"Parkland massacre suspect Nikolas Cruz spoke of shooting school after being expelled, woman claims https://t.co/YQ8diUJ9bq",Wed Jul 11 20:43:19 +0000 2018,-0.4939,0,0.244,0.756,33
333,@FoxNews,BREAKING: Croatia defeats England to advance to #WorldCup final against France. https://t.co/7uhkhGM3B6,Wed Jul 11 20:41:47 +0000 2018,-0.3182,0,0.173,0.827,34
334,@FoxNews,".@PatToomey on tariffs: ""Protectionism leads to higher costs, fewer options for consumers and fewer jobs for Americ‚Ä¶ https://t.co/Y1y4GuYuH0",Wed Jul 11 20:38:47 +0000 2018,0,0,0,1,35
335,@FoxNews,".@KarlRove on 2018 midterms: ""The race for the House is a coin flip that's gonna depend upon the quality of local c‚Ä¶ https://t.co/3DgM7Ycsbs",Wed Jul 11 20:35:07 +0000 2018,0,0,0,1,36
336,@FoxNews,".@KarlRove: ""Midterm elections are rarely waves benefiting the party in power."" @TeamCavuto https://t.co/17sysvP3bD",Wed Jul 11 20:31:29 +0000 2018,0.4019,0.184,0,0.816,37
337,@FoxNews,".@KarlRove: ""Supreme Court battles tend to energize each party's base. The difficulty for the Democrats is they wer‚Ä¶ https://t.co/VXp01NST91",Wed Jul 11 20:29:11 +0000 2018,0.4019,0.251,0.187,0.562,38
338,@FoxNews,"RT @FoxBusiness: AT THE CLOSE: The Dow Jones Industrial Average, S&amp;P 500, and Nasdaq snap a 4-day winning streak on renewed trade tension.‚Ä¶",Wed Jul 11 20:23:25 +0000 2018,0.5267,0.139,0,0.861,39
339,@FoxNews,"Lisa Page does not appear for Capitol Hill interview despite subpoena, attorney says; Catherine Herridge reports.‚Ä¶ https://t.co/wUzesuMTgf",Wed Jul 11 20:23:05 +0000 2018,0,0,0,1,40
340,@FoxNews,".@PeteHegseth: ""[President @realDonaldTrump] is trying to make the NATO Alliance great again."" @TeamCavuto‚Ä¶ https://t.co/a7K1aUG2hD",Wed Jul 11 20:15:18 +0000 2018,0.6249,0.24,0,0.76,41
341,@FoxNews,".@johnrobertsFox: ""NATO does appear at least after day one of the summit, to be on a strong footing and perhaps an‚Ä¶ https://t.co/uHZsPnxqyn",Wed Jul 11 20:11:37 +0000 2018,0.5106,0.142,0,0.858,42
342,@FoxNews,"RT @FoxBusiness: EXCLUSIVE: Justice Dept. decided to appeal AT&amp;T case, but getting resistance from Solicitor General  https://t.co/NhhkR8tt‚Ä¶",Wed Jul 11 19:59:25 +0000 2018,0.4246,0.203,0,0.797,43
343,@FoxNews,"Border Patrol agents attacked with rocks while rescuing pregnant woman, officials say. https://t.co/uEKxr8Hi9u",Wed Jul 11 19:58:23 +0000 2018,-0.4588,0,0.2,0.8,44
344,@FoxNews,Liberals attack Brett Kavanaugh for 'frat boy' name. (via @AlexPappas) https://t.co/URFfEr40uj,Wed Jul 11 19:49:00 +0000 2018,-0.4767,0,0.237,0.763,45
345,@FoxNews,"OPINION: Schumer, Booker, others are lying about Kavanaugh to keep him off the Court. https://t.co/84NK4WCt8A",Wed Jul 11 19:41:00 +0000 2018,-0.5267,0,0.195,0.805,46
346,@FoxNews,NATO pledges to boost defense spending after stern words from @POTUS. https://t.co/bx9BydlIWM,Wed Jul 11 19:35:00 +0000 2018,0.4939,0.296,0,0.704,47
347,@FoxNews,TONIGHT: @TheStoryFNC with @marthamaccallum is LIVE in London ahead of @POTUS‚Äô meeting with British Prime Minister‚Ä¶ https://t.co/GQpGIFK6sG,Wed Jul 11 19:30:00 +0000 2018,0,0,0,1,48
348,@FoxNews,"Haiti riots caused American missionaries to fear for their lives.
https://t.co/DEcxwXJrU6",Wed Jul 11 19:23:23 +0000 2018,-0.7579,0,0.419,0.581,49
349,@FoxNews,.@RepGoodlatte: Lisa Page Will Be Held in Contempt of Congress If She Doesn't Comply With Subpoena. https://t.co/Bblfv6XeJJ,Wed Jul 11 19:09:43 +0000 2018,-0.5859,0,0.192,0.808,50
350,@FoxNews,Earliest evidence of our human ancestors outside of Africa found https://t.co/0Q5ErasYy9,Wed Jul 11 19:02:11 +0000 2018,0,0,0,1,51
351,@FoxNews,".@marcorubio: ""NATO's still a good idea. It has to be modernized. It has a new purpose and a new meaning in the 21s‚Ä¶ https://t.co/0SGLkQStnX",Wed Jul 11 18:58:59 +0000 2018,0.4404,0.127,0,0.873,52
352,@FoxNews,NYC mayor @BilldeBlasio disputes Border Protection allegations he crossed border illegally https://t.co/kCDOWIp2Dt,Wed Jul 11 18:54:19 +0000 2018,-0.2732,0,0.16,0.84,53
353,@FoxNews,"Justin Walker on Kavanaugh nomination: ""I think open-minded people are gonna find somebody that they're happy to su‚Ä¶ https://t.co/McuvqbopiQ",Wed Jul 11 18:46:01 +0000 2018,0.5719,0.171,0,0.829,54
354,@FoxNews,".@brianefallon on Kavanaugh nomination: ""This is a seat that will decide the direction of the court for the next 40‚Ä¶ https://t.co/sqODeMnGm1",Wed Jul 11 18:43:29 +0000 2018,0,0,0,1,55
355,@FoxNews,Rescued soccer players are recovering in the hospital after more than two weeks in a cave in Thailand;‚Ä¶ https://t.co/kRJwcihTEB,Wed Jul 11 18:37:01 +0000 2018,0.4215,0.141,0,0.859,56
356,@FoxNews,".@mschlapp on Brett Kavanaugh: ""He wants to represent the words of the Constitution and interpret them appropriatel‚Ä¶ https://t.co/HVW34HMgok",Wed Jul 11 18:29:29 +0000 2018,0,0,0,1,57
357,@FoxNews,GOP candidate Katie Arrington back to campaign trail after car wreck: 'You just can‚Äôt break me' (via @brookefoxnews) https://t.co/9pLCYQvrkc,Wed Jul 11 18:25:16 +0000 2018,-0.4404,0,0.139,0.861,58
358,@FoxNews,"Papa John‚Äôs ex-CEO used racial slur on May conference call, report claims https://t.co/Ft0f4HYt3p",Wed Jul 11 18:19:56 +0000 2018,0,0,0,1,59
359,@FoxNews,Former ICE Director: Dems Pushing to Abolish ICE Are Misinforming Americans https://t.co/n7qBCz5oV9,Wed Jul 11 18:00:44 +0000 2018,0,0,0,1,60
360,@FoxNews,.@POTUS takes part in ‚Äúfamily photo‚Äù with NATO leaders https://t.co/mCnTA2MEpo,Wed Jul 11 17:42:40 +0000 2018,0,0,0,1,61
361,@FoxNews,"Paralyzed hockey player Jack Jablonski wiggles toes for first time in 7 years, shares 'shocking' video https://t.co/zip0IjmTpw",Wed Jul 11 17:41:39 +0000 2018,0.296,0.128,0,0.872,62
362,@FoxNews,Tom Homan: ‚ÄúICE protects your communities and we‚Äôre going to do it without apology.‚Äù https://t.co/T3WPfR8LHx,Wed Jul 11 16:54:34 +0000 2018,0.3182,0.141,0,0.859,63
363,@FoxNews,Border Protection says NYC mayor de Blasio crossed border illegally https://t.co/C2BIvoPSiG,Wed Jul 11 16:47:41 +0000 2018,0,0,0,1,64
364,@FoxNews,Tom Homan: ‚ÄúNo president has done more for border security and law enforcement than President Trump.‚Äù https://t.co/j76kDcm5YP,Wed Jul 11 16:40:27 +0000 2018,0.3947,0.143,0,0.857,65
365,@FoxNews,"North Dakota tornado kills newborn, destroys over 100 structures https://t.co/qRPkn3PDrv",Wed Jul 11 16:25:45 +0000 2018,-0.7964,0,0.47,0.53,66
366,@FoxNews,A mini horse was found on a Japanese rooftop three days after disappearing https://t.co/60IMNchGmC,Wed Jul 11 16:17:46 +0000 2018,0,0,0,1,67
367,@FoxNews,".@marykissel: ""NATO is a very, very important alliance."" @AmericaNewsroom https://t.co/zg15QwnIwb",Wed Jul 11 16:08:34 +0000 2018,0.3338,0.229,0,0.771,68
368,@FoxNews,RT @FoxBusiness: .@sendavidperdue spoke to Fox Business about @POTUS' preparation of an additional $200B in tariffs on Chinese goods. https‚Ä¶,Wed Jul 11 16:05:33 +0000 2018,0,0,0,1,69
369,@FoxNews,RT @FoxBusiness: Chinese agricultural tariffs will be ‚Äòcatastrophic‚Äô to farmers: @ChuckGrassley https://t.co/VoCaZVtSw5,Wed Jul 11 16:05:08 +0000 2018,0,0,0,1,70
370,@FoxNews,"Instagram model, 19, bitten by shark while taking photos in Bahamas https://t.co/65nP8ME2Ji",Wed Jul 11 16:02:55 +0000 2018,0,0,0,1,71
371,@FoxNews,"Schumer: 'Trump Should Not Meet With Putin Alone,' Is More Loyal to Russia Than NATO https://t.co/5sAQpJZEvD",Wed Jul 11 15:51:57 +0000 2018,0.5256,0.184,0,0.816,72
372,@FoxNews,Mary Kissel: ‚ÄúI think it‚Äôs refreshing to hear a U.S. president actually tell the truth about what‚Äôs going on in NAT‚Ä¶ https://t.co/Fer5fbAnTv,Wed Jul 11 15:44:55 +0000 2018,0.3182,0.103,0,0.897,73
373,@FoxNews,Photo of the Day: Part of a rainbow was seen as authorities worked to extinguish a junkyard fire in the Kensington‚Ä¶ https://t.co/WikzEaMi1w,Wed Jul 11 15:37:13 +0000 2018,-0.34,0,0.112,0.888,74
374,@FoxNews,TONIGHT: @TheStoryFNC with @marthamaccallum is LIVE in London ahead of @POTUS‚Äô meeting with British Prime Minister‚Ä¶ https://t.co/MN2xnBkCgN,Wed Jul 11 15:35:07 +0000 2018,0,0,0,1,75
375,@FoxNews,Incredible video shows 4-mile iceberg breaking in Greenland (via @christocarbone) https://t.co/Ga3wPp5MMP,Wed Jul 11 15:28:31 +0000 2018,0,0,0,1,76
376,@FoxNews,"LeSean 'Shady' McCoy's ex-girlfriend alleges star running back was behind brutal home invasion, assault (via‚Ä¶ https://t.co/mFIZT6HE6y",Wed Jul 11 15:27:09 +0000 2018,-0.836,0,0.361,0.639,77
377,@FoxNews,"Rep. Mac Thornberry: ‚ÄúWhen Europe buys energy from Russia, they help fund Russian military aggression.‚Äù https://t.co/EBpFBMTUpD",Wed Jul 11 15:22:29 +0000 2018,0.5859,0.255,0,0.745,78
378,@FoxNews,"OPINION: Thai cave rescue: Don't forget man who made ultimate sacrifice so that boys, coach could live https://t.co/aDrjFDLOwW",Wed Jul 11 15:12:19 +0000 2018,0.608,0.237,0,0.763,79
379,@FoxNews,.@IvankaTrump: Paid family leave is an investment in America's families -- It deserves bipartisan support (via‚Ä¶ https://t.co/qVkammJLdx,Wed Jul 11 15:03:05 +0000 2018,0.3612,0.143,0.063,0.794,80
380,@FoxNews,.@POTUS meets with French President @EmmanuelMacron https://t.co/6uaNsZYanW,Wed Jul 11 14:55:53 +0000 2018,0,0,0,1,81
381,@FoxNews,"Worlds collide in autonomous 1965 Ford Mustang, but hopefully it won't https://t.co/g1HlZ1MrO4",Wed Jul 11 14:42:47 +0000 2018,0.5267,0.241,0.078,0.68,82
382,@FoxNews,Senate Democrats hold a news conference to address health care.  https://t.co/aQErj4iMGR,Wed Jul 11 14:41:57 +0000 2018,0.4939,0.262,0,0.738,83
383,@FoxNews,Senate Democrats hold a news conference to address Judge Kavanaugh. https://t.co/aQErj4iMGR,Wed Jul 11 14:39:53 +0000 2018,0,0,0,1,84
384,@FoxNews,The Thai hospital where the 12 boys and their soccer coach are recuperating after being rescued from a flooded cave‚Ä¶ https://t.co/PJTErL6BoA,Wed Jul 11 14:37:13 +0000 2018,0.4215,0.128,0,0.872,85
385,@FoxNews,.@POTUS: ‚ÄúWe have a tremendous relationship with Germany.‚Äù https://t.co/s6YRcFvPmw,Wed Jul 11 14:14:55 +0000 2018,0,0,0,1,86
386,@FoxNews,Former UCLA basketball star found dead after recording heartbreaking video https://t.co/YGPAb71OYp,Wed Jul 11 14:10:52 +0000 2018,-0.8074,0,0.448,0.552,87
387,@FoxNews,.@HouseGOP leaders hold a news conference https://t.co/T3vIHFgvHs,Wed Jul 11 14:08:23 +0000 2018,0,0,0,1,88
388,@FoxNews,"Norfolk airport police find girl's lost stuffed dog, take him on an adventure https://t.co/NZJi0OXYmr",Wed Jul 11 14:01:32 +0000 2018,0,0.139,0.139,0.723,89
389,@FoxNews,Trump tangles with NATO leaders in testy start to Brussels summit https://t.co/3c3DEHPn0a,Wed Jul 11 13:54:11 +0000 2018,0,0,0,1,90
390,@FoxNews,PayPal slammed after telling customer that her death 'breached its rules' https://t.co/HELyoc62ep,Wed Jul 11 13:46:09 +0000 2018,-0.5994,0,0.262,0.738,91
391,@FoxNews,Protesters Yell 'Shame' at @IvankaTrump as She Attends Roundtable in NY https://t.co/bWqyyQLL5h,Wed Jul 11 13:23:07 +0000 2018,-0.2263,0,0.147,0.853,92
392,@FoxNews,George Clooney's scary motorbike accident caught on surveillance video https://t.co/mTuBBTNWN1,Wed Jul 11 13:17:15 +0000 2018,-0.743,0,0.441,0.559,93
393,@FoxNews,"Thai cave rescue almost ended in disaster, after main pump reportedly failed https://t.co/sIIfVLgrqL",Wed Jul 11 12:55:08 +0000 2018,-0.5908,0.161,0.349,0.489,94
394,@FoxNews,".@ChuckGrassley: ‚ÄúThis president‚Äôs following through with something that he said during the campaign, something he‚Ä¶ https://t.co/hKO5f7ZDxU",Wed Jul 11 12:22:37 +0000 2018,0,0,0,1,95
395,@FoxNews,WATCH: Waitress Pulls Pistol on Attacker After He Punches Her Co-Worker https://t.co/QqBpHnaNja,Wed Jul 11 12:17:40 +0000 2018,-0.5719,0,0.252,0.748,96
396,@FoxNews,Van's amazing 180-degree highway spin caught on camera https://t.co/O76eIBsoLb,Wed Jul 11 12:10:50 +0000 2018,0.5859,0.322,0,0.678,97
397,@FoxNews,Secretary General of NATO Jens Stoltenberg delivers remarks https://t.co/x98NlBOq0L,Wed Jul 11 12:09:17 +0000 2018,0,0,0,1,98
398,@FoxNews,NATO leaders arrive for welcome ceremony https://t.co/9Y4ERAR9Zo,Wed Jul 11 12:02:49 +0000 2018,0.4588,0.333,0,0.667,99
399,@FoxNews,.@POTUS gathers with world leaders at NATO @foxandfriends https://t.co/muKBNZXv0o,Wed Jul 11 11:57:00 +0000 2018,0,0,0,1,100
400,@nytimes,"Cpl. Joseph Maciel, who was killed by an Afghan soldier on Saturday, was assigned to a unit meant to provide securi‚Ä¶ https://t.co/Hz6oJfw4H3",Wed Jul 11 21:47:03 +0000 2018,-0.6705,0,0.184,0.816,1
401,@nytimes,"The power of positive people
https://t.co/3kkZfaewRR",Wed Jul 11 21:32:05 +0000 2018,0.5574,0.419,0,0.581,2
402,@nytimes,First they took her husband‚Äôs passport and his laptop. Then they made him confess to being a spy. He is one of at l‚Ä¶ https://t.co/jBAVVpPfk5,Wed Jul 11 21:17:03 +0000 2018,0,0,0,1,3
403,@nytimes,RT @bxchen: I used Apple‚Äôs Screen Time to limit a teenager‚Äôs iPhone use. It worked! https://t.co/WdJpU4EV6K,Wed Jul 11 21:01:03 +0000 2018,0,0,0,1,4
404,@nytimes,"And just like that, Croatia is going to the World Cup final for the first time https://t.co/mRkvKY4YZf https://t.co/JXttVQg6Kw",Wed Jul 11 20:46:15 +0000 2018,0.3612,0.128,0,0.872,5
405,@nytimes,Croatia scored in extra time to beat England and advance to the World Cup final for the first time. It will face Fr‚Ä¶ https://t.co/N3qF9fOVph,Wed Jul 11 20:37:29 +0000 2018,0,0,0,1,6
406,@nytimes,"In May, Manhattanhenge was blocked by pesky clouds. This week, you might get another chance to see it. https://t.co/xGDFGZ7u7e",Wed Jul 11 20:35:05 +0000 2018,-0.3182,0.09,0.193,0.717,7
407,@nytimes,"Croatia: 2 
England: 1 
The Telemundo announcer is still screaming ""GOOOOOOOL""
Live updates: https://t.co/SCTD5G2l1J",Wed Jul 11 20:24:08 +0000 2018,-0.3818,0,0.191,0.809,8
408,@nytimes,RT @nytimesworld: Canadians told us exactly how they felt about the Trump administration's tariffs and slights against Prime Minister Trude‚Ä¶,Wed Jul 11 20:20:06 +0000 2018,0,0,0,1,9
409,@nytimes,RT @NYTmag: Letter of Recommendation: Refuse to clean your bedroom. https://t.co/n1fdSqVbNM https://t.co/PQ7KicjnZh,Wed Jul 11 20:06:46 +0000 2018,0.128,0.181,0.148,0.671,10
410,@nytimes,Here's how soap went from a household staple to a status symbol https://t.co/mAQTLhrtpo,Wed Jul 11 19:50:06 +0000 2018,0,0,0,1,11
411,@nytimes,"RT @anniecorreal: This family from Guatemala was reunited today in New York. It was supposed to happen yesterday, the deadline for reunitin‚Ä¶",Wed Jul 11 19:40:05 +0000 2018,0,0,0,1,12
412,@nytimes,RT @anniecorreal: I‚Äôm with three families who were just reunited in New York. Each family includes a child younger than 5. This is Joshua.‚Ä¶,Wed Jul 11 19:39:06 +0000 2018,0,0,0,1,13
413,@nytimes,"""Goooooool!"" https://t.co/g1Y2stHhYb",Wed Jul 11 19:26:35 +0000 2018,0,0,0,1,14
414,@nytimes,RT @margeincharge: My original hed was ‚ÄúMen are afraid women will laugh at them. Women are afraid The Handmaid‚Äôs Tale has run out of story.‚Ä¶,Wed Jul 11 19:19:01 +0000 2018,0.7096,0.204,0,0.796,15
415,@nytimes,"A quick, flavorful weeknight dinner https://t.co/eUhdTuUsrI",Wed Jul 11 19:09:05 +0000 2018,0,0,0,1,16
416,@nytimes,Twitter officials credit this New York Times investigation from January as helping persuade the company to take thi‚Ä¶ https://t.co/0zL0m9efKN,Wed Jul 11 19:01:56 +0000 2018,0.5859,0.22,0,0.78,17
417,@nytimes,"No, its not just you. Yes, World Cup players have been spitting out their drinks in dots and dashes in a kind of aq‚Ä¶ https://t.co/U6DK4XhTxM",Wed Jul 11 18:59:09 +0000 2018,-0.5358,0,0.168,0.832,18
418,@nytimes,"RT @nytimesworld: The NATO summit is supposed to be a cellphone-free zone, but it's hard to keep President Trump away from Twitter https://‚Ä¶",Wed Jul 11 18:49:05 +0000 2018,-0.1531,0,0.071,0.929,19
419,@nytimes,‚ÄúWhy has Oakland not been more known for film? Because there has never been the necessary market support.‚Äù https://t.co/HUjwtAIqye,Wed Jul 11 18:39:03 +0000 2018,0,0,0,1,20
420,@nytimes,"Cpl. Joseph Maciel, who was killed by an Afghan soldier on Saturday, was assigned to a unit meant to provide securi‚Ä¶ https://t.co/Hz6oJfw4H3",Wed Jul 11 21:47:03 +0000 2018,-0.6705,0,0.184,0.816,21
421,@nytimes,"The power of positive people
https://t.co/3kkZfaewRR",Wed Jul 11 21:32:05 +0000 2018,0.5574,0.419,0,0.581,22
422,@nytimes,First they took her husband‚Äôs passport and his laptop. Then they made him confess to being a spy. He is one of at l‚Ä¶ https://t.co/jBAVVpPfk5,Wed Jul 11 21:17:03 +0000 2018,0,0,0,1,23
423,@nytimes,RT @bxchen: I used Apple‚Äôs Screen Time to limit a teenager‚Äôs iPhone use. It worked! https://t.co/WdJpU4EV6K,Wed Jul 11 21:01:03 +0000 2018,0,0,0,1,24
424,@nytimes,"And just like that, Croatia is going to the World Cup final for the first time https://t.co/mRkvKY4YZf https://t.co/JXttVQg6Kw",Wed Jul 11 20:46:15 +0000 2018,0.3612,0.128,0,0.872,25
425,@nytimes,Croatia scored in extra time to beat England and advance to the World Cup final for the first time. It will face Fr‚Ä¶ https://t.co/N3qF9fOVph,Wed Jul 11 20:37:29 +0000 2018,0,0,0,1,26
426,@nytimes,"In May, Manhattanhenge was blocked by pesky clouds. This week, you might get another chance to see it. https://t.co/xGDFGZ7u7e",Wed Jul 11 20:35:05 +0000 2018,-0.3182,0.09,0.193,0.717,27
427,@nytimes,"Croatia: 2 
England: 1 
The Telemundo announcer is still screaming ""GOOOOOOOL""
Live updates: https://t.co/SCTD5G2l1J",Wed Jul 11 20:24:08 +0000 2018,-0.3818,0,0.191,0.809,28
428,@nytimes,RT @nytimesworld: Canadians told us exactly how they felt about the Trump administration's tariffs and slights against Prime Minister Trude‚Ä¶,Wed Jul 11 20:20:06 +0000 2018,0,0,0,1,29
429,@nytimes,RT @NYTmag: Letter of Recommendation: Refuse to clean your bedroom. https://t.co/n1fdSqVbNM https://t.co/PQ7KicjnZh,Wed Jul 11 20:06:46 +0000 2018,0.128,0.181,0.148,0.671,30
430,@nytimes,Here's how soap went from a household staple to a status symbol https://t.co/mAQTLhrtpo,Wed Jul 11 19:50:06 +0000 2018,0,0,0,1,31
431,@nytimes,"RT @anniecorreal: This family from Guatemala was reunited today in New York. It was supposed to happen yesterday, the deadline for reunitin‚Ä¶",Wed Jul 11 19:40:05 +0000 2018,0,0,0,1,32
432,@nytimes,RT @anniecorreal: I‚Äôm with three families who were just reunited in New York. Each family includes a child younger than 5. This is Joshua.‚Ä¶,Wed Jul 11 19:39:06 +0000 2018,0,0,0,1,33
433,@nytimes,"""Goooooool!"" https://t.co/g1Y2stHhYb",Wed Jul 11 19:26:35 +0000 2018,0,0,0,1,34
434,@nytimes,RT @margeincharge: My original hed was ‚ÄúMen are afraid women will laugh at them. Women are afraid The Handmaid‚Äôs Tale has run out of story.‚Ä¶,Wed Jul 11 19:19:01 +0000 2018,0.7096,0.204,0,0.796,35
435,@nytimes,"A quick, flavorful weeknight dinner https://t.co/eUhdTuUsrI",Wed Jul 11 19:09:05 +0000 2018,0,0,0,1,36
436,@nytimes,Twitter officials credit this New York Times investigation from January as helping persuade the company to take thi‚Ä¶ https://t.co/0zL0m9efKN,Wed Jul 11 19:01:56 +0000 2018,0.5859,0.22,0,0.78,37
437,@nytimes,"No, its not just you. Yes, World Cup players have been spitting out their drinks in dots and dashes in a kind of aq‚Ä¶ https://t.co/U6DK4XhTxM",Wed Jul 11 18:59:09 +0000 2018,-0.5358,0,0.168,0.832,38
438,@nytimes,"RT @nytimesworld: The NATO summit is supposed to be a cellphone-free zone, but it's hard to keep President Trump away from Twitter https://‚Ä¶",Wed Jul 11 18:49:05 +0000 2018,-0.1531,0,0.071,0.929,39
439,@nytimes,‚ÄúWhy has Oakland not been more known for film? Because there has never been the necessary market support.‚Äù https://t.co/HUjwtAIqye,Wed Jul 11 18:39:03 +0000 2018,0,0,0,1,40
440,@nytimes,"Call it the World Cup ""d'oh"" https://t.co/wy9S5P0Cd2 https://t.co/jpYfhfkUpl",Wed Jul 11 18:29:53 +0000 2018,0,0,0,1,41
441,@nytimes,"Croatia has never won the World Cup. This is their 5th appearance in the tournament. https://t.co/f1gJaVQOMn

Engla‚Ä¶ https://t.co/FSqESJyBGz",Wed Jul 11 18:29:03 +0000 2018,-0.4585,0,0.15,0.85,42
442,@nytimes,"""I must have said no 7 to 10 times."" On Tuesday, another woman came forward to accuse Russell Simmons of rape. https://t.co/Bc0JyyXyjn",Wed Jul 11 18:19:05 +0000 2018,-0.8271,0,0.326,0.674,43
443,@nytimes,"RT @NYTMetro: Joseph Pfeifer was the first fire chief through the doors of the World Trade Center on 9/11. This week, he becomes the last o‚Ä¶",Wed Jul 11 18:09:03 +0000 2018,-0.34,0,0.088,0.912,44
444,@nytimes,England and Croatia are both hungry for a trip to the World Cup final. Croatia has never made a final and England h‚Ä¶ https://t.co/Tai8iYAHsf,Wed Jul 11 17:59:03 +0000 2018,0,0,0,1,45
445,@nytimes,"England hasn‚Äôt had much to celebrate lately. So this World Cup has fans going well, nuts. https://t.co/a8xMinMSUE",Wed Jul 11 17:49:06 +0000 2018,0.5423,0.262,0.104,0.633,46
446,@nytimes,"When a Seattle company asked to lease some of their land for a solar energy project, a Washington couple jumped at‚Ä¶ https://t.co/uvAnwtdWKT",Wed Jul 11 17:39:04 +0000 2018,0.2732,0.104,0,0.896,47
447,@nytimes,"""They took care of each other well in the cave,"" a public health official said of the 12 Thai soccer players and th‚Ä¶ https://t.co/zfKKVZ3YbH",Wed Jul 11 17:29:05 +0000 2018,0.6486,0.202,0,0.798,48
448,@nytimes,"President Trump told NATO allies to raise their military spending commitment to 4% of GDP, after criticizing them f‚Ä¶ https://t.co/yvnu7qdZ67",Wed Jul 11 17:21:07 +0000 2018,0.0258,0.113,0.108,0.779,49
449,@nytimes,Croatian soccer is in a state of near-permanent chaos. They're about to play in the World Cup semifinals. https://t.co/go9sl3rh4R,Wed Jul 11 17:19:06 +0000 2018,-0.3182,0.109,0.167,0.724,50
450,@nytimes,"RT @christophclarey: Jana Novotna died far too young in November. But her last pupil, Barbora Krejcikova, is carrying the torch at Wimbledo‚Ä¶",Wed Jul 11 17:09:04 +0000 2018,-0.3182,0,0.099,0.901,51
451,@nytimes,"Apple's new parental controls worked on a teenager, but not so much on @bxchen, our tech columnist https://t.co/nrtp32SFs8",Wed Jul 11 16:49:04 +0000 2018,0,0,0,1,52
452,@nytimes,RT @karenyourish: There have been only seven former Supreme Court clerks who went on to serve as justices; the current court has four of th‚Ä¶,Wed Jul 11 16:39:18 +0000 2018,0.5574,0.13,0,0.87,53
453,@nytimes,Breaking News: Twitter plans to remove tens of millions of suspicious accounts from users' follower counts in a bid‚Ä¶ https://t.co/Jfn8WSlyAQ,Wed Jul 11 16:29:32 +0000 2018,-0.3612,0,0.122,0.878,54
454,@nytimes,"RT @nickconfessore: Twitter officials credit our @nytimes investigation from January, The Follower Factory, as helping persuade the company‚Ä¶",Wed Jul 11 16:25:43 +0000 2018,0.5859,0.231,0,0.769,55
455,@nytimes,"RT @nickconfessore: The change will begin kicking in Thursday, cutting about 6 percent of all follows on the platform. Big fake follower pu‚Ä¶",Wed Jul 11 16:25:38 +0000 2018,-0.5574,0,0.187,0.813,56
456,@nytimes,"RT @nickconfessore: NEW w/@gabrieldance: In major step to combat fake followers and social media fraud, Twitter will begin stripping tens o‚Ä¶",Wed Jul 11 16:25:34 +0000 2018,-0.8519,0,0.341,0.659,57
457,@nytimes,"RT @nytopinion: NATO is a force multiplier ‚Äî proof, to anyone who challenges the Western order, that its members stand together. Why would‚Ä¶",Wed Jul 11 16:17:03 +0000 2018,0.0772,0.061,0,0.939,58
458,@nytimes,A second suspect has been arrested in the killing of the 20-year-old rapper XXXTentacion https://t.co/EPKI5ioc2T,Wed Jul 11 16:07:07 +0000 2018,-0.8658,0,0.469,0.531,59
459,@nytimes,"Summer nights in the U.S. have warmed at nearly twice the rate of days, with overnight low temperatures increasing‚Ä¶ https://t.co/5Sf5qE2xju",Wed Jul 11 15:57:04 +0000 2018,0,0.095,0.095,0.811,60
460,@nytimes,"Some children didn't recognize their mothers at the court-ordered reunions of migrant families, after being separat‚Ä¶ https://t.co/QL6PNx964M",Wed Jul 11 15:47:18 +0000 2018,0,0,0,1,61
461,@nytimes,Brett Kavanaugh‚Äôs nomination to the Supreme Court could help Republicans hold or expand control in the Senate ‚Äî whi‚Ä¶ https://t.co/5oDYTs8ESJ,Wed Jul 11 15:36:02 +0000 2018,0.8225,0.35,0,0.65,62
462,@nytimes,"RT @EnnisNYT: ‚ÄúParis, Texas‚Äù is a beautiful movie. @RichSandomir with NYT obit for its cinematographer https://t.co/me9MLdZG8G",Wed Jul 11 15:26:04 +0000 2018,0.5994,0.218,0,0.782,63
463,@nytimes,"President Trump's trade war started with 18 products. The dispute now includes about 10,000. Our graphic explains h‚Ä¶ https://t.co/s7s0agQnC9",Wed Jul 11 15:16:05 +0000 2018,-0.765,0,0.28,0.72,64
464,@nytimes,"Divided by angry politics, England is unified by one thing: A mad, joyous embrace of the national soccer team https://t.co/DiS7xhzD6h",Wed Jul 11 15:06:04 +0000 2018,0.3612,0.305,0.22,0.475,65
465,@nytimes,RT @randyNYT: On the voluminous spitting at the World Cup we know you‚Äôve been wondering about ...  https://t.co/oDlw7pRlLX,Wed Jul 11 14:56:05 +0000 2018,0,0,0,1,66
466,@nytimes,"For some Democrats running for the House, Trump's Supreme Court pick is a key issue. For Senators in red states, it‚Ä¶ https://t.co/WOQaw3nPvI",Wed Jul 11 14:46:19 +0000 2018,0.5574,0.153,0,0.847,67
467,@nytimes,Sarah Palin says that she and one of her daughters were ‚Äúduped‚Äù into apparently appearing on Sacha Baron Cohen‚Äôs ne‚Ä¶ https://t.co/SAUurEQWoX,Wed Jul 11 14:30:34 +0000 2018,0,0,0,1,68
468,@nytimes,"RT @nytimesworld: President Trump's European trip highlights the ways he has upended American foreign policy, feuding with NATO allies and‚Ä¶",Wed Jul 11 14:18:21 +0000 2018,-0.3818,0,0.12,0.88,69
469,@nytimes,"‚ÄúThey say we have support and protection in there, but the reality is different. I‚Äôm not the only one. Ask any tran‚Ä¶ https://t.co/QHXsRvb14V",Wed Jul 11 14:07:00 +0000 2018,0.2144,0.078,0,0.922,70
470,@nytimes,"RT @AndrewKramerNYT: Like ""farm to table"" for food, ""mine to market"" for diamonds is an idea that consumers want to know the origin of what‚Ä¶",Wed Jul 11 13:57:05 +0000 2018,0.4215,0.142,0,0.858,71
471,@nytimes,Brett Kavanaugh‚Äôs record provides clues about the sort of justice he would be if the Senate confirms him https://t.co/TpWsYR10En,Wed Jul 11 13:47:04 +0000 2018,0.4779,0.147,0,0.853,72
472,@nytimes,Sarah Palin Says She Was ‚ÄòDuped‚Äô by Sacha Baron Cohen https://t.co/LVEWgvfpI1,Wed Jul 11 13:39:37 +0000 2018,0,0,0,1,73
473,@nytimes,"RT @christophclarey: At Serena Williams's request, her voluble coach Patrick Mouratoglou is not talking publicly about her at #Wimbledon: ""‚Ä¶",Wed Jul 11 13:37:02 +0000 2018,0,0,0,1,74
474,@nytimes,"Doctors worry that the boys who were trapped in a cave in Thailand could face longer-term problems, including psych‚Ä¶ https://t.co/4xzkSQqp6L",Wed Jul 11 13:17:02 +0000 2018,-0.8402,0,0.36,0.64,75
475,@nytimes,"RT @SherylNYT: Would Brett Kavanaugh force Donald Trump to comply with a subpoena from Robert Mueller? Perhaps not, writes @adamliptak http‚Ä¶",Wed Jul 11 13:07:05 +0000 2018,0,0,0,1,76
476,@nytimes,"How President Trump‚Äôs trade war went from 18 products to 10,000 https://t.co/ppelErmm4n https://t.co/dPpkpI2ahL",Wed Jul 11 12:57:06 +0000 2018,-0.5994,0,0.245,0.755,77
477,@nytimes,"Soccer Players and Their Coach Are on the Mend, Thailand Says https://t.co/Py51b1ki42",Wed Jul 11 12:56:24 +0000 2018,0,0,0,1,78
478,@nytimes,"""Everybody loves this story,"" Stephen Colbert said of the Thai cave rescue. ""Are you listening, Mr. President? Free‚Ä¶ https://t.co/khCaRBM21d",Wed Jul 11 12:47:06 +0000 2018,0.7906,0.292,0,0.708,79
479,@nytimes,Reuniting and Detaining Migrant Families Pose New Mental Health Risks https://t.co/cWvnmss2kB,Wed Jul 11 12:38:02 +0000 2018,-0.2732,0,0.174,0.826,80
480,@nytimes,Brett Kavanaugh once made the case for impeaching a president. He now says that was a mistake. https://t.co/w8jgP7teqI,Wed Jul 11 12:37:05 +0000 2018,-0.34,0,0.138,0.862,81
481,@nytimes,Morning Briefing: Here's what you need to know to start your day https://t.co/Q97e5S4L6L,Wed Jul 11 12:27:05 +0000 2018,0,0,0,1,82
482,@nytimes,"RT @NYTScience: From @NYTOpinion: Juice contains limited nutrients and tons of sugar. In fact, one 12-ounce glass of orange juice contains‚Ä¶",Wed Jul 11 12:17:02 +0000 2018,-0.2263,0,0.087,0.913,83
483,@nytimes,Several of the boys saved from a Thai cave knew hardship as refugees in Myanmar. One multilingual boy played a crit‚Ä¶ https://t.co/IRyt2h8Da8,Wed Jul 11 12:02:03 +0000 2018,0.4404,0.212,0.094,0.694,84
484,@nytimes,Eat this by the bowl as is or toss it with cooked rice or beans for a more filling salad https://t.co/XJ6A0gP5Vs https://t.co/84rsuOS24l,Wed Jul 11 11:47:03 +0000 2018,0,0,0,1,85
485,@nytimes,"Racing against time, the surgeon injected a billion mitochondria into the baby's damaged heart muscle. Within 2 day‚Ä¶ https://t.co/alDczgC68z",Wed Jul 11 11:32:03 +0000 2018,-0.4404,0,0.153,0.847,86
486,@nytimes,"From @NYTGraphics: Brett Kavanaugh followed the narrow, elite path of Supreme Court justices https://t.co/qLFc1zCEVJ",Wed Jul 11 11:17:03 +0000 2018,0.5574,0.217,0,0.783,87
487,@nytimes,RT @nytimesworld: President Trump kicked off his NATO meetings on a contentious note. He called allies ‚Äúdelinquent‚Äù for failing to spend en‚Ä¶,Wed Jul 11 11:13:58 +0000 2018,-0.6705,0,0.224,0.776,88
488,@nytimes,"As Vote Nears, Cambodia‚Äôs Leader Has Opponents, but No Competition https://t.co/A7ipRaY5oz",Wed Jul 11 11:05:56 +0000 2018,-0.4215,0,0.219,0.781,89
489,@nytimes,How to watch the World Cup semifinals https://t.co/gEWBLyEM8L,Wed Jul 11 11:02:01 +0000 2018,0,0,0,1,90
490,@nytimes,RT @nytimesworld: Enthusiasm for England‚Äôs national soccer team is reaching fever pitch as it prepares to face Croatia on Wednesday in its‚Ä¶,Wed Jul 11 10:32:03 +0000 2018,0.5719,0.19,0,0.81,91
491,@nytimes,Fox Raises Its Bid in Sky Takeover Effort https://t.co/CjCzls4SpT,Wed Jul 11 10:29:17 +0000 2018,0,0,0,1,92
492,@nytimes,"In Pakistan, Nawaz Sharif Fights for Survival https://t.co/iGEoSPPzXg",Wed Jul 11 10:27:04 +0000 2018,-0.4019,0,0.278,0.722,93
493,@nytimes,On Beauty: How to Look Well Rested (Even When You‚Äôre Not) https://t.co/mib0mvOOjI,Wed Jul 11 10:24:32 +0000 2018,0.7096,0.371,0,0.629,94
494,@nytimes,A Diamond Giant Plays Up Its Russian Ties to Appeal to Americans https://t.co/VItUirSfbQ,Wed Jul 11 10:19:48 +0000 2018,0.5267,0.306,0,0.694,95
495,@nytimes,Fox Raises Its Bid in Sky Takeover Effort https://t.co/n9LuIgYocB,Wed Jul 11 10:14:59 +0000 2018,0,0,0,1,96
496,@nytimes,"Nonfiction: The Urbane Bookworm: Robert Gottlieb‚Äôs Essays Celebrate Literature, Film Classics and Dance https://t.co/PQ55BfgzS9",Wed Jul 11 10:12:40 +0000 2018,0.5719,0.222,0,0.778,97
497,@nytimes,The Trump administration said it was suspending a program that pays billions to insurers to stabilize insurance mar‚Ä¶ https://t.co/2MeRIArBgP,Wed Jul 11 10:02:04 +0000 2018,0,0,0,1,98
498,@nytimes,RT @paulkrugman: Why Theresa May is trying to achieve a soft Brexit that's hardly Brexit at all https://t.co/JHt1bveFcv,Wed Jul 11 09:32:04 +0000 2018,0,0,0,1,99
499,@nytimes,A Survival Guide for the Fourth Trimester https://t.co/jefc7cf3YD,Wed Jul 11 09:11:02 +0000 2018,0,0,0,1,100
